"","geo","date","hits","keyword","time","gprop","category","Country.Region"
"1","BE",2020-04-27,100,"coronavirus","today 3-m","web",0,"Belgium"
"2","BE",2020-04-28,98,"coronavirus","today 3-m","web",0,"Belgium"
"3","BE",2020-04-29,91,"coronavirus","today 3-m","web",0,"Belgium"
"4","BE",2020-04-30,77,"coronavirus","today 3-m","web",0,"Belgium"
"5","BE",2020-05-01,87,"coronavirus","today 3-m","web",0,"Belgium"
"6","BE",2020-05-02,93,"coronavirus","today 3-m","web",0,"Belgium"
"7","BE",2020-05-03,98,"coronavirus","today 3-m","web",0,"Belgium"
"8","BE",2020-05-04,89,"coronavirus","today 3-m","web",0,"Belgium"
"9","BE",2020-05-05,85,"coronavirus","today 3-m","web",0,"Belgium"
"10","BE",2020-05-06,95,"coronavirus","today 3-m","web",0,"Belgium"
"11","BE",2020-05-07,79,"coronavirus","today 3-m","web",0,"Belgium"
"12","BE",2020-05-08,85,"coronavirus","today 3-m","web",0,"Belgium"
"13","BE",2020-05-09,81,"coronavirus","today 3-m","web",0,"Belgium"
"14","BE",2020-05-10,75,"coronavirus","today 3-m","web",0,"Belgium"
"15","BE",2020-05-11,71,"coronavirus","today 3-m","web",0,"Belgium"
"16","BE",2020-05-12,72,"coronavirus","today 3-m","web",0,"Belgium"
"17","BE",2020-05-13,80,"coronavirus","today 3-m","web",0,"Belgium"
"18","BE",2020-05-14,68,"coronavirus","today 3-m","web",0,"Belgium"
"19","BE",2020-05-15,71,"coronavirus","today 3-m","web",0,"Belgium"
"20","BE",2020-05-16,71,"coronavirus","today 3-m","web",0,"Belgium"
"21","BE",2020-05-17,74,"coronavirus","today 3-m","web",0,"Belgium"
"22","BE",2020-05-18,69,"coronavirus","today 3-m","web",0,"Belgium"
"23","BE",2020-05-19,58,"coronavirus","today 3-m","web",0,"Belgium"
"24","BE",2020-05-20,54,"coronavirus","today 3-m","web",0,"Belgium"
"25","BE",2020-05-21,61,"coronavirus","today 3-m","web",0,"Belgium"
"26","BE",2020-05-22,60,"coronavirus","today 3-m","web",0,"Belgium"
"27","BE",2020-05-23,54,"coronavirus","today 3-m","web",0,"Belgium"
"28","BE",2020-05-24,55,"coronavirus","today 3-m","web",0,"Belgium"
"29","BE",2020-05-25,48,"coronavirus","today 3-m","web",0,"Belgium"
"30","BE",2020-05-26,57,"coronavirus","today 3-m","web",0,"Belgium"
"31","BE",2020-05-27,52,"coronavirus","today 3-m","web",0,"Belgium"
"32","BE",2020-05-28,58,"coronavirus","today 3-m","web",0,"Belgium"
"33","BE",2020-05-29,50,"coronavirus","today 3-m","web",0,"Belgium"
"34","BE",2020-05-30,51,"coronavirus","today 3-m","web",0,"Belgium"
"35","BE",2020-05-31,52,"coronavirus","today 3-m","web",0,"Belgium"
"36","BE",2020-06-01,48,"coronavirus","today 3-m","web",0,"Belgium"
"37","BE",2020-06-02,48,"coronavirus","today 3-m","web",0,"Belgium"
"38","BE",2020-06-03,55,"coronavirus","today 3-m","web",0,"Belgium"
"39","BE",2020-06-04,43,"coronavirus","today 3-m","web",0,"Belgium"
"40","BE",2020-06-05,42,"coronavirus","today 3-m","web",0,"Belgium"
"41","BE",2020-06-06,44,"coronavirus","today 3-m","web",0,"Belgium"
"42","BE",2020-06-07,43,"coronavirus","today 3-m","web",0,"Belgium"
"43","BE",2020-06-08,38,"coronavirus","today 3-m","web",0,"Belgium"
"44","BE",2020-06-09,40,"coronavirus","today 3-m","web",0,"Belgium"
"45","BE",2020-06-10,41,"coronavirus","today 3-m","web",0,"Belgium"
"46","BE",2020-06-11,43,"coronavirus","today 3-m","web",0,"Belgium"
"47","BE",2020-06-12,36,"coronavirus","today 3-m","web",0,"Belgium"
"48","BE",2020-06-13,39,"coronavirus","today 3-m","web",0,"Belgium"
"49","BE",2020-06-14,44,"coronavirus","today 3-m","web",0,"Belgium"
"50","BE",2020-06-15,36,"coronavirus","today 3-m","web",0,"Belgium"
"51","BE",2020-06-16,37,"coronavirus","today 3-m","web",0,"Belgium"
"52","BE",2020-06-17,38,"coronavirus","today 3-m","web",0,"Belgium"
"53","BE",2020-06-18,42,"coronavirus","today 3-m","web",0,"Belgium"
"54","BE",2020-06-19,37,"coronavirus","today 3-m","web",0,"Belgium"
"55","BE",2020-06-20,38,"coronavirus","today 3-m","web",0,"Belgium"
"56","BE",2020-06-21,47,"coronavirus","today 3-m","web",0,"Belgium"
"57","BE",2020-06-22,42,"coronavirus","today 3-m","web",0,"Belgium"
"58","BE",2020-06-23,46,"coronavirus","today 3-m","web",0,"Belgium"
"59","BE",2020-06-24,39,"coronavirus","today 3-m","web",0,"Belgium"
"60","BE",2020-06-25,33,"coronavirus","today 3-m","web",0,"Belgium"
"61","BE",2020-06-26,33,"coronavirus","today 3-m","web",0,"Belgium"
"62","BE",2020-06-27,35,"coronavirus","today 3-m","web",0,"Belgium"
"63","BE",2020-06-28,36,"coronavirus","today 3-m","web",0,"Belgium"
"64","BE",2020-06-29,33,"coronavirus","today 3-m","web",0,"Belgium"
"65","BE",2020-06-30,35,"coronavirus","today 3-m","web",0,"Belgium"
"66","BE",2020-07-01,35,"coronavirus","today 3-m","web",0,"Belgium"
"67","BE",2020-07-02,32,"coronavirus","today 3-m","web",0,"Belgium"
"68","BE",2020-07-03,31,"coronavirus","today 3-m","web",0,"Belgium"
"69","BE",2020-07-04,31,"coronavirus","today 3-m","web",0,"Belgium"
"70","BE",2020-07-05,37,"coronavirus","today 3-m","web",0,"Belgium"
"71","BE",2020-07-06,36,"coronavirus","today 3-m","web",0,"Belgium"
"72","BE",2020-07-07,38,"coronavirus","today 3-m","web",0,"Belgium"
"73","BE",2020-07-08,42,"coronavirus","today 3-m","web",0,"Belgium"
"74","BE",2020-07-09,44,"coronavirus","today 3-m","web",0,"Belgium"
"75","BE",2020-07-10,44,"coronavirus","today 3-m","web",0,"Belgium"
"76","BE",2020-07-11,39,"coronavirus","today 3-m","web",0,"Belgium"
"77","BE",2020-07-12,41,"coronavirus","today 3-m","web",0,"Belgium"
"78","BE",2020-07-13,44,"coronavirus","today 3-m","web",0,"Belgium"
"79","BE",2020-07-14,39,"coronavirus","today 3-m","web",0,"Belgium"
"80","BE",2020-07-15,40,"coronavirus","today 3-m","web",0,"Belgium"
"81","BE",2020-07-16,43,"coronavirus","today 3-m","web",0,"Belgium"
"82","BE",2020-07-17,52,"coronavirus","today 3-m","web",0,"Belgium"
"83","BE",2020-07-18,59,"coronavirus","today 3-m","web",0,"Belgium"
"84","BE",2020-07-19,62,"coronavirus","today 3-m","web",0,"Belgium"
"85","BE",2020-07-20,52,"coronavirus","today 3-m","web",0,"Belgium"
"86","BE",2020-07-21,44,"coronavirus","today 3-m","web",0,"Belgium"
"87","BE",2020-07-22,54,"coronavirus","today 3-m","web",0,"Belgium"
"88","BE",2020-07-23,64,"coronavirus","today 3-m","web",0,"Belgium"
"89","BE",2020-07-24,58,"coronavirus","today 3-m","web",0,"Belgium"
"90","BE",2020-07-25,63,"coronavirus","today 3-m","web",0,"Belgium"
"91","CH",2020-04-27,81,"coronavirus","today 3-m","web",0,"Switzerland"
"92","CH",2020-04-28,75,"coronavirus","today 3-m","web",0,"Switzerland"
"93","CH",2020-04-29,100,"coronavirus","today 3-m","web",0,"Switzerland"
"94","CH",2020-04-30,68,"coronavirus","today 3-m","web",0,"Switzerland"
"95","CH",2020-05-01,78,"coronavirus","today 3-m","web",0,"Switzerland"
"96","CH",2020-05-02,83,"coronavirus","today 3-m","web",0,"Switzerland"
"97","CH",2020-05-03,83,"coronavirus","today 3-m","web",0,"Switzerland"
"98","CH",2020-05-04,73,"coronavirus","today 3-m","web",0,"Switzerland"
"99","CH",2020-05-05,73,"coronavirus","today 3-m","web",0,"Switzerland"
"100","CH",2020-05-06,71,"coronavirus","today 3-m","web",0,"Switzerland"
"101","CH",2020-05-07,67,"coronavirus","today 3-m","web",0,"Switzerland"
"102","CH",2020-05-08,73,"coronavirus","today 3-m","web",0,"Switzerland"
"103","CH",2020-05-09,73,"coronavirus","today 3-m","web",0,"Switzerland"
"104","CH",2020-05-10,79,"coronavirus","today 3-m","web",0,"Switzerland"
"105","CH",2020-05-11,67,"coronavirus","today 3-m","web",0,"Switzerland"
"106","CH",2020-05-12,62,"coronavirus","today 3-m","web",0,"Switzerland"
"107","CH",2020-05-13,62,"coronavirus","today 3-m","web",0,"Switzerland"
"108","CH",2020-05-14,62,"coronavirus","today 3-m","web",0,"Switzerland"
"109","CH",2020-05-15,63,"coronavirus","today 3-m","web",0,"Switzerland"
"110","CH",2020-05-16,74,"coronavirus","today 3-m","web",0,"Switzerland"
"111","CH",2020-05-17,68,"coronavirus","today 3-m","web",0,"Switzerland"
"112","CH",2020-05-18,62,"coronavirus","today 3-m","web",0,"Switzerland"
"113","CH",2020-05-19,49,"coronavirus","today 3-m","web",0,"Switzerland"
"114","CH",2020-05-20,48,"coronavirus","today 3-m","web",0,"Switzerland"
"115","CH",2020-05-21,47,"coronavirus","today 3-m","web",0,"Switzerland"
"116","CH",2020-05-22,45,"coronavirus","today 3-m","web",0,"Switzerland"
"117","CH",2020-05-23,42,"coronavirus","today 3-m","web",0,"Switzerland"
"118","CH",2020-05-24,49,"coronavirus","today 3-m","web",0,"Switzerland"
"119","CH",2020-05-25,41,"coronavirus","today 3-m","web",0,"Switzerland"
"120","CH",2020-05-26,40,"coronavirus","today 3-m","web",0,"Switzerland"
"121","CH",2020-05-27,46,"coronavirus","today 3-m","web",0,"Switzerland"
"122","CH",2020-05-28,37,"coronavirus","today 3-m","web",0,"Switzerland"
"123","CH",2020-05-29,44,"coronavirus","today 3-m","web",0,"Switzerland"
"124","CH",2020-05-30,41,"coronavirus","today 3-m","web",0,"Switzerland"
"125","CH",2020-05-31,40,"coronavirus","today 3-m","web",0,"Switzerland"
"126","CH",2020-06-01,39,"coronavirus","today 3-m","web",0,"Switzerland"
"127","CH",2020-06-02,36,"coronavirus","today 3-m","web",0,"Switzerland"
"128","CH",2020-06-03,35,"coronavirus","today 3-m","web",0,"Switzerland"
"129","CH",2020-06-04,33,"coronavirus","today 3-m","web",0,"Switzerland"
"130","CH",2020-06-05,33,"coronavirus","today 3-m","web",0,"Switzerland"
"131","CH",2020-06-06,35,"coronavirus","today 3-m","web",0,"Switzerland"
"132","CH",2020-06-07,34,"coronavirus","today 3-m","web",0,"Switzerland"
"133","CH",2020-06-08,29,"coronavirus","today 3-m","web",0,"Switzerland"
"134","CH",2020-06-09,31,"coronavirus","today 3-m","web",0,"Switzerland"
"135","CH",2020-06-10,30,"coronavirus","today 3-m","web",0,"Switzerland"
"136","CH",2020-06-11,32,"coronavirus","today 3-m","web",0,"Switzerland"
"137","CH",2020-06-12,32,"coronavirus","today 3-m","web",0,"Switzerland"
"138","CH",2020-06-13,34,"coronavirus","today 3-m","web",0,"Switzerland"
"139","CH",2020-06-14,34,"coronavirus","today 3-m","web",0,"Switzerland"
"140","CH",2020-06-15,32,"coronavirus","today 3-m","web",0,"Switzerland"
"141","CH",2020-06-16,32,"coronavirus","today 3-m","web",0,"Switzerland"
"142","CH",2020-06-17,34,"coronavirus","today 3-m","web",0,"Switzerland"
"143","CH",2020-06-18,31,"coronavirus","today 3-m","web",0,"Switzerland"
"144","CH",2020-06-19,32,"coronavirus","today 3-m","web",0,"Switzerland"
"145","CH",2020-06-20,33,"coronavirus","today 3-m","web",0,"Switzerland"
"146","CH",2020-06-21,34,"coronavirus","today 3-m","web",0,"Switzerland"
"147","CH",2020-06-22,33,"coronavirus","today 3-m","web",0,"Switzerland"
"148","CH",2020-06-23,33,"coronavirus","today 3-m","web",0,"Switzerland"
"149","CH",2020-06-24,39,"coronavirus","today 3-m","web",0,"Switzerland"
"150","CH",2020-06-25,45,"coronavirus","today 3-m","web",0,"Switzerland"
"151","CH",2020-06-26,46,"coronavirus","today 3-m","web",0,"Switzerland"
"152","CH",2020-06-27,48,"coronavirus","today 3-m","web",0,"Switzerland"
"153","CH",2020-06-28,52,"coronavirus","today 3-m","web",0,"Switzerland"
"154","CH",2020-06-29,46,"coronavirus","today 3-m","web",0,"Switzerland"
"155","CH",2020-06-30,41,"coronavirus","today 3-m","web",0,"Switzerland"
"156","CH",2020-07-01,65,"coronavirus","today 3-m","web",0,"Switzerland"
"157","CH",2020-07-02,59,"coronavirus","today 3-m","web",0,"Switzerland"
"158","CH",2020-07-03,57,"coronavirus","today 3-m","web",0,"Switzerland"
"159","CH",2020-07-04,58,"coronavirus","today 3-m","web",0,"Switzerland"
"160","CH",2020-07-05,52,"coronavirus","today 3-m","web",0,"Switzerland"
"161","CH",2020-07-06,48,"coronavirus","today 3-m","web",0,"Switzerland"
"162","CH",2020-07-07,48,"coronavirus","today 3-m","web",0,"Switzerland"
"163","CH",2020-07-08,47,"coronavirus","today 3-m","web",0,"Switzerland"
"164","CH",2020-07-09,43,"coronavirus","today 3-m","web",0,"Switzerland"
"165","CH",2020-07-10,44,"coronavirus","today 3-m","web",0,"Switzerland"
"166","CH",2020-07-11,42,"coronavirus","today 3-m","web",0,"Switzerland"
"167","CH",2020-07-12,43,"coronavirus","today 3-m","web",0,"Switzerland"
"168","CH",2020-07-13,42,"coronavirus","today 3-m","web",0,"Switzerland"
"169","CH",2020-07-14,40,"coronavirus","today 3-m","web",0,"Switzerland"
"170","CH",2020-07-15,36,"coronavirus","today 3-m","web",0,"Switzerland"
"171","CH",2020-07-16,39,"coronavirus","today 3-m","web",0,"Switzerland"
"172","CH",2020-07-17,38,"coronavirus","today 3-m","web",0,"Switzerland"
"173","CH",2020-07-18,38,"coronavirus","today 3-m","web",0,"Switzerland"
"174","CH",2020-07-19,42,"coronavirus","today 3-m","web",0,"Switzerland"
"175","CH",2020-07-20,35,"coronavirus","today 3-m","web",0,"Switzerland"
"176","CH",2020-07-21,32,"coronavirus","today 3-m","web",0,"Switzerland"
"177","CH",2020-07-22,35,"coronavirus","today 3-m","web",0,"Switzerland"
"178","CH",2020-07-23,31,"coronavirus","today 3-m","web",0,"Switzerland"
"179","CH",2020-07-24,35,"coronavirus","today 3-m","web",0,"Switzerland"
"180","CH",2020-07-25,34,"coronavirus","today 3-m","web",0,"Switzerland"
"181","DE",2020-04-27,91,"coronavirus","today 3-m","web",0,"Germany"
"182","DE",2020-04-28,89,"coronavirus","today 3-m","web",0,"Germany"
"183","DE",2020-04-29,90,"coronavirus","today 3-m","web",0,"Germany"
"184","DE",2020-04-30,63,"coronavirus","today 3-m","web",0,"Germany"
"185","DE",2020-05-01,93,"coronavirus","today 3-m","web",0,"Germany"
"186","DE",2020-05-02,91,"coronavirus","today 3-m","web",0,"Germany"
"187","DE",2020-05-03,95,"coronavirus","today 3-m","web",0,"Germany"
"188","DE",2020-05-04,83,"coronavirus","today 3-m","web",0,"Germany"
"189","DE",2020-05-05,83,"coronavirus","today 3-m","web",0,"Germany"
"190","DE",2020-05-06,97,"coronavirus","today 3-m","web",0,"Germany"
"191","DE",2020-05-07,80,"coronavirus","today 3-m","web",0,"Germany"
"192","DE",2020-05-08,77,"coronavirus","today 3-m","web",0,"Germany"
"193","DE",2020-05-09,88,"coronavirus","today 3-m","web",0,"Germany"
"194","DE",2020-05-10,100,"coronavirus","today 3-m","web",0,"Germany"
"195","DE",2020-05-11,82,"coronavirus","today 3-m","web",0,"Germany"
"196","DE",2020-05-12,76,"coronavirus","today 3-m","web",0,"Germany"
"197","DE",2020-05-13,69,"coronavirus","today 3-m","web",0,"Germany"
"198","DE",2020-05-14,67,"coronavirus","today 3-m","web",0,"Germany"
"199","DE",2020-05-15,66,"coronavirus","today 3-m","web",0,"Germany"
"200","DE",2020-05-16,72,"coronavirus","today 3-m","web",0,"Germany"
"201","DE",2020-05-17,72,"coronavirus","today 3-m","web",0,"Germany"
"202","DE",2020-05-18,62,"coronavirus","today 3-m","web",0,"Germany"
"203","DE",2020-05-19,52,"coronavirus","today 3-m","web",0,"Germany"
"204","DE",2020-05-20,38,"coronavirus","today 3-m","web",0,"Germany"
"205","DE",2020-05-21,41,"coronavirus","today 3-m","web",0,"Germany"
"206","DE",2020-05-22,36,"coronavirus","today 3-m","web",0,"Germany"
"207","DE",2020-05-23,38,"coronavirus","today 3-m","web",0,"Germany"
"208","DE",2020-05-24,40,"coronavirus","today 3-m","web",0,"Germany"
"209","DE",2020-05-25,38,"coronavirus","today 3-m","web",0,"Germany"
"210","DE",2020-05-26,36,"coronavirus","today 3-m","web",0,"Germany"
"211","DE",2020-05-27,36,"coronavirus","today 3-m","web",0,"Germany"
"212","DE",2020-05-28,37,"coronavirus","today 3-m","web",0,"Germany"
"213","DE",2020-05-29,36,"coronavirus","today 3-m","web",0,"Germany"
"214","DE",2020-05-30,38,"coronavirus","today 3-m","web",0,"Germany"
"215","DE",2020-05-31,39,"coronavirus","today 3-m","web",0,"Germany"
"216","DE",2020-06-01,39,"coronavirus","today 3-m","web",0,"Germany"
"217","DE",2020-06-02,34,"coronavirus","today 3-m","web",0,"Germany"
"218","DE",2020-06-03,34,"coronavirus","today 3-m","web",0,"Germany"
"219","DE",2020-06-04,32,"coronavirus","today 3-m","web",0,"Germany"
"220","DE",2020-06-05,32,"coronavirus","today 3-m","web",0,"Germany"
"221","DE",2020-06-06,32,"coronavirus","today 3-m","web",0,"Germany"
"222","DE",2020-06-07,32,"coronavirus","today 3-m","web",0,"Germany"
"223","DE",2020-06-08,32,"coronavirus","today 3-m","web",0,"Germany"
"224","DE",2020-06-09,30,"coronavirus","today 3-m","web",0,"Germany"
"225","DE",2020-06-10,28,"coronavirus","today 3-m","web",0,"Germany"
"226","DE",2020-06-11,30,"coronavirus","today 3-m","web",0,"Germany"
"227","DE",2020-06-12,29,"coronavirus","today 3-m","web",0,"Germany"
"228","DE",2020-06-13,29,"coronavirus","today 3-m","web",0,"Germany"
"229","DE",2020-06-14,30,"coronavirus","today 3-m","web",0,"Germany"
"230","DE",2020-06-15,31,"coronavirus","today 3-m","web",0,"Germany"
"231","DE",2020-06-16,40,"coronavirus","today 3-m","web",0,"Germany"
"232","DE",2020-06-17,32,"coronavirus","today 3-m","web",0,"Germany"
"233","DE",2020-06-18,31,"coronavirus","today 3-m","web",0,"Germany"
"234","DE",2020-06-19,29,"coronavirus","today 3-m","web",0,"Germany"
"235","DE",2020-06-20,34,"coronavirus","today 3-m","web",0,"Germany"
"236","DE",2020-06-21,33,"coronavirus","today 3-m","web",0,"Germany"
"237","DE",2020-06-22,33,"coronavirus","today 3-m","web",0,"Germany"
"238","DE",2020-06-23,34,"coronavirus","today 3-m","web",0,"Germany"
"239","DE",2020-06-24,35,"coronavirus","today 3-m","web",0,"Germany"
"240","DE",2020-06-25,32,"coronavirus","today 3-m","web",0,"Germany"
"241","DE",2020-06-26,31,"coronavirus","today 3-m","web",0,"Germany"
"242","DE",2020-06-27,30,"coronavirus","today 3-m","web",0,"Germany"
"243","DE",2020-06-28,30,"coronavirus","today 3-m","web",0,"Germany"
"244","DE",2020-06-29,26,"coronavirus","today 3-m","web",0,"Germany"
"245","DE",2020-06-30,26,"coronavirus","today 3-m","web",0,"Germany"
"246","DE",2020-07-01,24,"coronavirus","today 3-m","web",0,"Germany"
"247","DE",2020-07-02,25,"coronavirus","today 3-m","web",0,"Germany"
"248","DE",2020-07-03,25,"coronavirus","today 3-m","web",0,"Germany"
"249","DE",2020-07-04,28,"coronavirus","today 3-m","web",0,"Germany"
"250","DE",2020-07-05,28,"coronavirus","today 3-m","web",0,"Germany"
"251","DE",2020-07-06,25,"coronavirus","today 3-m","web",0,"Germany"
"252","DE",2020-07-07,26,"coronavirus","today 3-m","web",0,"Germany"
"253","DE",2020-07-08,26,"coronavirus","today 3-m","web",0,"Germany"
"254","DE",2020-07-09,25,"coronavirus","today 3-m","web",0,"Germany"
"255","DE",2020-07-10,24,"coronavirus","today 3-m","web",0,"Germany"
"256","DE",2020-07-11,25,"coronavirus","today 3-m","web",0,"Germany"
"257","DE",2020-07-12,27,"coronavirus","today 3-m","web",0,"Germany"
"258","DE",2020-07-13,25,"coronavirus","today 3-m","web",0,"Germany"
"259","DE",2020-07-14,24,"coronavirus","today 3-m","web",0,"Germany"
"260","DE",2020-07-15,23,"coronavirus","today 3-m","web",0,"Germany"
"261","DE",2020-07-16,23,"coronavirus","today 3-m","web",0,"Germany"
"262","DE",2020-07-17,24,"coronavirus","today 3-m","web",0,"Germany"
"263","DE",2020-07-18,26,"coronavirus","today 3-m","web",0,"Germany"
"264","DE",2020-07-19,27,"coronavirus","today 3-m","web",0,"Germany"
"265","DE",2020-07-20,23,"coronavirus","today 3-m","web",0,"Germany"
"266","DE",2020-07-21,22,"coronavirus","today 3-m","web",0,"Germany"
"267","DE",2020-07-22,22,"coronavirus","today 3-m","web",0,"Germany"
"268","DE",2020-07-23,23,"coronavirus","today 3-m","web",0,"Germany"
"269","DE",2020-07-24,25,"coronavirus","today 3-m","web",0,"Germany"
"270","DE",2020-07-25,30,"coronavirus","today 3-m","web",0,"Germany"
"271","ES",2020-04-27,91,"coronavirus","today 3-m","web",0,"Spain"
"272","ES",2020-04-28,94,"coronavirus","today 3-m","web",0,"Spain"
"273","ES",2020-04-29,90,"coronavirus","today 3-m","web",0,"Spain"
"274","ES",2020-04-30,80,"coronavirus","today 3-m","web",0,"Spain"
"275","ES",2020-05-01,91,"coronavirus","today 3-m","web",0,"Spain"
"276","ES",2020-05-02,100,"coronavirus","today 3-m","web",0,"Spain"
"277","ES",2020-05-03,95,"coronavirus","today 3-m","web",0,"Spain"
"278","ES",2020-05-04,85,"coronavirus","today 3-m","web",0,"Spain"
"279","ES",2020-05-05,84,"coronavirus","today 3-m","web",0,"Spain"
"280","ES",2020-05-06,87,"coronavirus","today 3-m","web",0,"Spain"
"281","ES",2020-05-07,85,"coronavirus","today 3-m","web",0,"Spain"
"282","ES",2020-05-08,98,"coronavirus","today 3-m","web",0,"Spain"
"283","ES",2020-05-09,86,"coronavirus","today 3-m","web",0,"Spain"
"284","ES",2020-05-10,80,"coronavirus","today 3-m","web",0,"Spain"
"285","ES",2020-05-11,72,"coronavirus","today 3-m","web",0,"Spain"
"286","ES",2020-05-12,75,"coronavirus","today 3-m","web",0,"Spain"
"287","ES",2020-05-13,74,"coronavirus","today 3-m","web",0,"Spain"
"288","ES",2020-05-14,70,"coronavirus","today 3-m","web",0,"Spain"
"289","ES",2020-05-15,76,"coronavirus","today 3-m","web",0,"Spain"
"290","ES",2020-05-16,77,"coronavirus","today 3-m","web",0,"Spain"
"291","ES",2020-05-17,73,"coronavirus","today 3-m","web",0,"Spain"
"292","ES",2020-05-18,89,"coronavirus","today 3-m","web",0,"Spain"
"293","ES",2020-05-19,70,"coronavirus","today 3-m","web",0,"Spain"
"294","ES",2020-05-20,63,"coronavirus","today 3-m","web",0,"Spain"
"295","ES",2020-05-21,62,"coronavirus","today 3-m","web",0,"Spain"
"296","ES",2020-05-22,60,"coronavirus","today 3-m","web",0,"Spain"
"297","ES",2020-05-23,62,"coronavirus","today 3-m","web",0,"Spain"
"298","ES",2020-05-24,57,"coronavirus","today 3-m","web",0,"Spain"
"299","ES",2020-05-25,51,"coronavirus","today 3-m","web",0,"Spain"
"300","ES",2020-05-26,51,"coronavirus","today 3-m","web",0,"Spain"
"301","ES",2020-05-27,49,"coronavirus","today 3-m","web",0,"Spain"
"302","ES",2020-05-28,49,"coronavirus","today 3-m","web",0,"Spain"
"303","ES",2020-05-29,45,"coronavirus","today 3-m","web",0,"Spain"
"304","ES",2020-05-30,50,"coronavirus","today 3-m","web",0,"Spain"
"305","ES",2020-05-31,47,"coronavirus","today 3-m","web",0,"Spain"
"306","ES",2020-06-01,39,"coronavirus","today 3-m","web",0,"Spain"
"307","ES",2020-06-02,35,"coronavirus","today 3-m","web",0,"Spain"
"308","ES",2020-06-03,35,"coronavirus","today 3-m","web",0,"Spain"
"309","ES",2020-06-04,32,"coronavirus","today 3-m","web",0,"Spain"
"310","ES",2020-06-05,32,"coronavirus","today 3-m","web",0,"Spain"
"311","ES",2020-06-06,35,"coronavirus","today 3-m","web",0,"Spain"
"312","ES",2020-06-07,33,"coronavirus","today 3-m","web",0,"Spain"
"313","ES",2020-06-08,28,"coronavirus","today 3-m","web",0,"Spain"
"314","ES",2020-06-09,26,"coronavirus","today 3-m","web",0,"Spain"
"315","ES",2020-06-10,28,"coronavirus","today 3-m","web",0,"Spain"
"316","ES",2020-06-11,27,"coronavirus","today 3-m","web",0,"Spain"
"317","ES",2020-06-12,26,"coronavirus","today 3-m","web",0,"Spain"
"318","ES",2020-06-13,29,"coronavirus","today 3-m","web",0,"Spain"
"319","ES",2020-06-14,29,"coronavirus","today 3-m","web",0,"Spain"
"320","ES",2020-06-15,24,"coronavirus","today 3-m","web",0,"Spain"
"321","ES",2020-06-16,27,"coronavirus","today 3-m","web",0,"Spain"
"322","ES",2020-06-17,32,"coronavirus","today 3-m","web",0,"Spain"
"323","ES",2020-06-18,30,"coronavirus","today 3-m","web",0,"Spain"
"324","ES",2020-06-19,28,"coronavirus","today 3-m","web",0,"Spain"
"325","ES",2020-06-20,30,"coronavirus","today 3-m","web",0,"Spain"
"326","ES",2020-06-21,32,"coronavirus","today 3-m","web",0,"Spain"
"327","ES",2020-06-22,28,"coronavirus","today 3-m","web",0,"Spain"
"328","ES",2020-06-23,32,"coronavirus","today 3-m","web",0,"Spain"
"329","ES",2020-06-24,31,"coronavirus","today 3-m","web",0,"Spain"
"330","ES",2020-06-25,32,"coronavirus","today 3-m","web",0,"Spain"
"331","ES",2020-06-26,32,"coronavirus","today 3-m","web",0,"Spain"
"332","ES",2020-06-27,32,"coronavirus","today 3-m","web",0,"Spain"
"333","ES",2020-06-28,32,"coronavirus","today 3-m","web",0,"Spain"
"334","ES",2020-06-29,28,"coronavirus","today 3-m","web",0,"Spain"
"335","ES",2020-06-30,26,"coronavirus","today 3-m","web",0,"Spain"
"336","ES",2020-07-01,26,"coronavirus","today 3-m","web",0,"Spain"
"337","ES",2020-07-02,25,"coronavirus","today 3-m","web",0,"Spain"
"338","ES",2020-07-03,26,"coronavirus","today 3-m","web",0,"Spain"
"339","ES",2020-07-04,34,"coronavirus","today 3-m","web",0,"Spain"
"340","ES",2020-07-05,35,"coronavirus","today 3-m","web",0,"Spain"
"341","ES",2020-07-06,32,"coronavirus","today 3-m","web",0,"Spain"
"342","ES",2020-07-07,32,"coronavirus","today 3-m","web",0,"Spain"
"343","ES",2020-07-08,33,"coronavirus","today 3-m","web",0,"Spain"
"344","ES",2020-07-09,36,"coronavirus","today 3-m","web",0,"Spain"
"345","ES",2020-07-10,38,"coronavirus","today 3-m","web",0,"Spain"
"346","ES",2020-07-11,37,"coronavirus","today 3-m","web",0,"Spain"
"347","ES",2020-07-12,44,"coronavirus","today 3-m","web",0,"Spain"
"348","ES",2020-07-13,41,"coronavirus","today 3-m","web",0,"Spain"
"349","ES",2020-07-14,39,"coronavirus","today 3-m","web",0,"Spain"
"350","ES",2020-07-15,39,"coronavirus","today 3-m","web",0,"Spain"
"351","ES",2020-07-16,39,"coronavirus","today 3-m","web",0,"Spain"
"352","ES",2020-07-17,50,"coronavirus","today 3-m","web",0,"Spain"
"353","ES",2020-07-18,51,"coronavirus","today 3-m","web",0,"Spain"
"354","ES",2020-07-19,49,"coronavirus","today 3-m","web",0,"Spain"
"355","ES",2020-07-20,45,"coronavirus","today 3-m","web",0,"Spain"
"356","ES",2020-07-21,39,"coronavirus","today 3-m","web",0,"Spain"
"357","ES",2020-07-22,36,"coronavirus","today 3-m","web",0,"Spain"
"358","ES",2020-07-23,41,"coronavirus","today 3-m","web",0,"Spain"
"359","ES",2020-07-24,42,"coronavirus","today 3-m","web",0,"Spain"
"360","ES",2020-07-25,47,"coronavirus","today 3-m","web",0,"Spain"
"361","FR",2020-04-27,82,"coronavirus","today 3-m","web",0,"France"
"362","FR",2020-04-28,100,"coronavirus","today 3-m","web",0,"France"
"363","FR",2020-04-29,95,"coronavirus","today 3-m","web",0,"France"
"364","FR",2020-04-30,91,"coronavirus","today 3-m","web",0,"France"
"365","FR",2020-05-01,86,"coronavirus","today 3-m","web",0,"France"
"366","FR",2020-05-02,91,"coronavirus","today 3-m","web",0,"France"
"367","FR",2020-05-03,91,"coronavirus","today 3-m","web",0,"France"
"368","FR",2020-05-04,79,"coronavirus","today 3-m","web",0,"France"
"369","FR",2020-05-05,75,"coronavirus","today 3-m","web",0,"France"
"370","FR",2020-05-06,76,"coronavirus","today 3-m","web",0,"France"
"371","FR",2020-05-07,80,"coronavirus","today 3-m","web",0,"France"
"372","FR",2020-05-08,73,"coronavirus","today 3-m","web",0,"France"
"373","FR",2020-05-09,77,"coronavirus","today 3-m","web",0,"France"
"374","FR",2020-05-10,78,"coronavirus","today 3-m","web",0,"France"
"375","FR",2020-05-11,69,"coronavirus","today 3-m","web",0,"France"
"376","FR",2020-05-12,66,"coronavirus","today 3-m","web",0,"France"
"377","FR",2020-05-13,67,"coronavirus","today 3-m","web",0,"France"
"378","FR",2020-05-14,67,"coronavirus","today 3-m","web",0,"France"
"379","FR",2020-05-15,66,"coronavirus","today 3-m","web",0,"France"
"380","FR",2020-05-16,68,"coronavirus","today 3-m","web",0,"France"
"381","FR",2020-05-17,74,"coronavirus","today 3-m","web",0,"France"
"382","FR",2020-05-18,64,"coronavirus","today 3-m","web",0,"France"
"383","FR",2020-05-19,54,"coronavirus","today 3-m","web",0,"France"
"384","FR",2020-05-20,48,"coronavirus","today 3-m","web",0,"France"
"385","FR",2020-05-21,51,"coronavirus","today 3-m","web",0,"France"
"386","FR",2020-05-22,45,"coronavirus","today 3-m","web",0,"France"
"387","FR",2020-05-23,46,"coronavirus","today 3-m","web",0,"France"
"388","FR",2020-05-24,50,"coronavirus","today 3-m","web",0,"France"
"389","FR",2020-05-25,46,"coronavirus","today 3-m","web",0,"France"
"390","FR",2020-05-26,42,"coronavirus","today 3-m","web",0,"France"
"391","FR",2020-05-27,38,"coronavirus","today 3-m","web",0,"France"
"392","FR",2020-05-28,48,"coronavirus","today 3-m","web",0,"France"
"393","FR",2020-05-29,37,"coronavirus","today 3-m","web",0,"France"
"394","FR",2020-05-30,36,"coronavirus","today 3-m","web",0,"France"
"395","FR",2020-05-31,36,"coronavirus","today 3-m","web",0,"France"
"396","FR",2020-06-01,35,"coronavirus","today 3-m","web",0,"France"
"397","FR",2020-06-02,32,"coronavirus","today 3-m","web",0,"France"
"398","FR",2020-06-03,30,"coronavirus","today 3-m","web",0,"France"
"399","FR",2020-06-04,29,"coronavirus","today 3-m","web",0,"France"
"400","FR",2020-06-05,27,"coronavirus","today 3-m","web",0,"France"
"401","FR",2020-06-06,27,"coronavirus","today 3-m","web",0,"France"
"402","FR",2020-06-07,29,"coronavirus","today 3-m","web",0,"France"
"403","FR",2020-06-08,26,"coronavirus","today 3-m","web",0,"France"
"404","FR",2020-06-09,26,"coronavirus","today 3-m","web",0,"France"
"405","FR",2020-06-10,25,"coronavirus","today 3-m","web",0,"France"
"406","FR",2020-06-11,25,"coronavirus","today 3-m","web",0,"France"
"407","FR",2020-06-12,25,"coronavirus","today 3-m","web",0,"France"
"408","FR",2020-06-13,28,"coronavirus","today 3-m","web",0,"France"
"409","FR",2020-06-14,33,"coronavirus","today 3-m","web",0,"France"
"410","FR",2020-06-15,25,"coronavirus","today 3-m","web",0,"France"
"411","FR",2020-06-16,27,"coronavirus","today 3-m","web",0,"France"
"412","FR",2020-06-17,28,"coronavirus","today 3-m","web",0,"France"
"413","FR",2020-06-18,26,"coronavirus","today 3-m","web",0,"France"
"414","FR",2020-06-19,27,"coronavirus","today 3-m","web",0,"France"
"415","FR",2020-06-20,29,"coronavirus","today 3-m","web",0,"France"
"416","FR",2020-06-21,30,"coronavirus","today 3-m","web",0,"France"
"417","FR",2020-06-22,29,"coronavirus","today 3-m","web",0,"France"
"418","FR",2020-06-23,31,"coronavirus","today 3-m","web",0,"France"
"419","FR",2020-06-24,30,"coronavirus","today 3-m","web",0,"France"
"420","FR",2020-06-25,27,"coronavirus","today 3-m","web",0,"France"
"421","FR",2020-06-26,26,"coronavirus","today 3-m","web",0,"France"
"422","FR",2020-06-27,28,"coronavirus","today 3-m","web",0,"France"
"423","FR",2020-06-28,28,"coronavirus","today 3-m","web",0,"France"
"424","FR",2020-06-29,26,"coronavirus","today 3-m","web",0,"France"
"425","FR",2020-06-30,26,"coronavirus","today 3-m","web",0,"France"
"426","FR",2020-07-01,26,"coronavirus","today 3-m","web",0,"France"
"427","FR",2020-07-02,24,"coronavirus","today 3-m","web",0,"France"
"428","FR",2020-07-03,22,"coronavirus","today 3-m","web",0,"France"
"429","FR",2020-07-04,26,"coronavirus","today 3-m","web",0,"France"
"430","FR",2020-07-05,27,"coronavirus","today 3-m","web",0,"France"
"431","FR",2020-07-06,24,"coronavirus","today 3-m","web",0,"France"
"432","FR",2020-07-07,27,"coronavirus","today 3-m","web",0,"France"
"433","FR",2020-07-08,29,"coronavirus","today 3-m","web",0,"France"
"434","FR",2020-07-09,29,"coronavirus","today 3-m","web",0,"France"
"435","FR",2020-07-10,28,"coronavirus","today 3-m","web",0,"France"
"436","FR",2020-07-11,27,"coronavirus","today 3-m","web",0,"France"
"437","FR",2020-07-12,31,"coronavirus","today 3-m","web",0,"France"
"438","FR",2020-07-13,29,"coronavirus","today 3-m","web",0,"France"
"439","FR",2020-07-14,30,"coronavirus","today 3-m","web",0,"France"
"440","FR",2020-07-15,25,"coronavirus","today 3-m","web",0,"France"
"441","FR",2020-07-16,30,"coronavirus","today 3-m","web",0,"France"
"442","FR",2020-07-17,34,"coronavirus","today 3-m","web",0,"France"
"443","FR",2020-07-18,33,"coronavirus","today 3-m","web",0,"France"
"444","FR",2020-07-19,35,"coronavirus","today 3-m","web",0,"France"
"445","FR",2020-07-20,34,"coronavirus","today 3-m","web",0,"France"
"446","FR",2020-07-21,27,"coronavirus","today 3-m","web",0,"France"
"447","FR",2020-07-22,26,"coronavirus","today 3-m","web",0,"France"
"448","FR",2020-07-23,27,"coronavirus","today 3-m","web",0,"France"
"449","FR",2020-07-24,30,"coronavirus","today 3-m","web",0,"France"
"450","FR",2020-07-25,29,"coronavirus","today 3-m","web",0,"France"
"451","GB",2020-04-27,99,"coronavirus","today 3-m","web",0,"United Kingdom"
"452","GB",2020-04-28,99,"coronavirus","today 3-m","web",0,"United Kingdom"
"453","GB",2020-04-29,100,"coronavirus","today 3-m","web",0,"United Kingdom"
"454","GB",2020-04-30,81,"coronavirus","today 3-m","web",0,"United Kingdom"
"455","GB",2020-05-01,87,"coronavirus","today 3-m","web",0,"United Kingdom"
"456","GB",2020-05-02,86,"coronavirus","today 3-m","web",0,"United Kingdom"
"457","GB",2020-05-03,91,"coronavirus","today 3-m","web",0,"United Kingdom"
"458","GB",2020-05-04,89,"coronavirus","today 3-m","web",0,"United Kingdom"
"459","GB",2020-05-05,96,"coronavirus","today 3-m","web",0,"United Kingdom"
"460","GB",2020-05-06,84,"coronavirus","today 3-m","web",0,"United Kingdom"
"461","GB",2020-05-07,83,"coronavirus","today 3-m","web",0,"United Kingdom"
"462","GB",2020-05-08,75,"coronavirus","today 3-m","web",0,"United Kingdom"
"463","GB",2020-05-09,77,"coronavirus","today 3-m","web",0,"United Kingdom"
"464","GB",2020-05-10,99,"coronavirus","today 3-m","web",0,"United Kingdom"
"465","GB",2020-05-11,91,"coronavirus","today 3-m","web",0,"United Kingdom"
"466","GB",2020-05-12,83,"coronavirus","today 3-m","web",0,"United Kingdom"
"467","GB",2020-05-13,77,"coronavirus","today 3-m","web",0,"United Kingdom"
"468","GB",2020-05-14,71,"coronavirus","today 3-m","web",0,"United Kingdom"
"469","GB",2020-05-15,73,"coronavirus","today 3-m","web",0,"United Kingdom"
"470","GB",2020-05-16,73,"coronavirus","today 3-m","web",0,"United Kingdom"
"471","GB",2020-05-17,77,"coronavirus","today 3-m","web",0,"United Kingdom"
"472","GB",2020-05-18,76,"coronavirus","today 3-m","web",0,"United Kingdom"
"473","GB",2020-05-19,71,"coronavirus","today 3-m","web",0,"United Kingdom"
"474","GB",2020-05-20,68,"coronavirus","today 3-m","web",0,"United Kingdom"
"475","GB",2020-05-21,63,"coronavirus","today 3-m","web",0,"United Kingdom"
"476","GB",2020-05-22,54,"coronavirus","today 3-m","web",0,"United Kingdom"
"477","GB",2020-05-23,53,"coronavirus","today 3-m","web",0,"United Kingdom"
"478","GB",2020-05-24,58,"coronavirus","today 3-m","web",0,"United Kingdom"
"479","GB",2020-05-25,65,"coronavirus","today 3-m","web",0,"United Kingdom"
"480","GB",2020-05-26,60,"coronavirus","today 3-m","web",0,"United Kingdom"
"481","GB",2020-05-27,59,"coronavirus","today 3-m","web",0,"United Kingdom"
"482","GB",2020-05-28,65,"coronavirus","today 3-m","web",0,"United Kingdom"
"483","GB",2020-05-29,57,"coronavirus","today 3-m","web",0,"United Kingdom"
"484","GB",2020-05-30,54,"coronavirus","today 3-m","web",0,"United Kingdom"
"485","GB",2020-05-31,56,"coronavirus","today 3-m","web",0,"United Kingdom"
"486","GB",2020-06-01,58,"coronavirus","today 3-m","web",0,"United Kingdom"
"487","GB",2020-06-02,54,"coronavirus","today 3-m","web",0,"United Kingdom"
"488","GB",2020-06-03,48,"coronavirus","today 3-m","web",0,"United Kingdom"
"489","GB",2020-06-04,50,"coronavirus","today 3-m","web",0,"United Kingdom"
"490","GB",2020-06-05,51,"coronavirus","today 3-m","web",0,"United Kingdom"
"491","GB",2020-06-06,48,"coronavirus","today 3-m","web",0,"United Kingdom"
"492","GB",2020-06-07,51,"coronavirus","today 3-m","web",0,"United Kingdom"
"493","GB",2020-06-08,47,"coronavirus","today 3-m","web",0,"United Kingdom"
"494","GB",2020-06-09,50,"coronavirus","today 3-m","web",0,"United Kingdom"
"495","GB",2020-06-10,48,"coronavirus","today 3-m","web",0,"United Kingdom"
"496","GB",2020-06-11,44,"coronavirus","today 3-m","web",0,"United Kingdom"
"497","GB",2020-06-12,41,"coronavirus","today 3-m","web",0,"United Kingdom"
"498","GB",2020-06-13,45,"coronavirus","today 3-m","web",0,"United Kingdom"
"499","GB",2020-06-14,46,"coronavirus","today 3-m","web",0,"United Kingdom"
"500","GB",2020-06-15,46,"coronavirus","today 3-m","web",0,"United Kingdom"
"501","GB",2020-06-16,45,"coronavirus","today 3-m","web",0,"United Kingdom"
"502","GB",2020-06-17,44,"coronavirus","today 3-m","web",0,"United Kingdom"
"503","GB",2020-06-18,43,"coronavirus","today 3-m","web",0,"United Kingdom"
"504","GB",2020-06-19,41,"coronavirus","today 3-m","web",0,"United Kingdom"
"505","GB",2020-06-20,40,"coronavirus","today 3-m","web",0,"United Kingdom"
"506","GB",2020-06-21,42,"coronavirus","today 3-m","web",0,"United Kingdom"
"507","GB",2020-06-22,44,"coronavirus","today 3-m","web",0,"United Kingdom"
"508","GB",2020-06-23,51,"coronavirus","today 3-m","web",0,"United Kingdom"
"509","GB",2020-06-24,45,"coronavirus","today 3-m","web",0,"United Kingdom"
"510","GB",2020-06-25,41,"coronavirus","today 3-m","web",0,"United Kingdom"
"511","GB",2020-06-26,41,"coronavirus","today 3-m","web",0,"United Kingdom"
"512","GB",2020-06-27,42,"coronavirus","today 3-m","web",0,"United Kingdom"
"513","GB",2020-06-28,45,"coronavirus","today 3-m","web",0,"United Kingdom"
"514","GB",2020-06-29,48,"coronavirus","today 3-m","web",0,"United Kingdom"
"515","GB",2020-06-30,47,"coronavirus","today 3-m","web",0,"United Kingdom"
"516","GB",2020-07-01,44,"coronavirus","today 3-m","web",0,"United Kingdom"
"517","GB",2020-07-02,53,"coronavirus","today 3-m","web",0,"United Kingdom"
"518","GB",2020-07-03,43,"coronavirus","today 3-m","web",0,"United Kingdom"
"519","GB",2020-07-04,43,"coronavirus","today 3-m","web",0,"United Kingdom"
"520","GB",2020-07-05,90,"coronavirus","today 3-m","web",0,"United Kingdom"
"521","GB",2020-07-06,41,"coronavirus","today 3-m","web",0,"United Kingdom"
"522","GB",2020-07-07,43,"coronavirus","today 3-m","web",0,"United Kingdom"
"523","GB",2020-07-08,41,"coronavirus","today 3-m","web",0,"United Kingdom"
"524","GB",2020-07-09,42,"coronavirus","today 3-m","web",0,"United Kingdom"
"525","GB",2020-07-10,39,"coronavirus","today 3-m","web",0,"United Kingdom"
"526","GB",2020-07-11,40,"coronavirus","today 3-m","web",0,"United Kingdom"
"527","GB",2020-07-12,42,"coronavirus","today 3-m","web",0,"United Kingdom"
"528","GB",2020-07-13,41,"coronavirus","today 3-m","web",0,"United Kingdom"
"529","GB",2020-07-14,42,"coronavirus","today 3-m","web",0,"United Kingdom"
"530","GB",2020-07-15,36,"coronavirus","today 3-m","web",0,"United Kingdom"
"531","GB",2020-07-16,35,"coronavirus","today 3-m","web",0,"United Kingdom"
"532","GB",2020-07-17,37,"coronavirus","today 3-m","web",0,"United Kingdom"
"533","GB",2020-07-18,33,"coronavirus","today 3-m","web",0,"United Kingdom"
"534","GB",2020-07-19,35,"coronavirus","today 3-m","web",0,"United Kingdom"
"535","GB",2020-07-20,35,"coronavirus","today 3-m","web",0,"United Kingdom"
"536","GB",2020-07-21,32,"coronavirus","today 3-m","web",0,"United Kingdom"
"537","GB",2020-07-22,34,"coronavirus","today 3-m","web",0,"United Kingdom"
"538","GB",2020-07-23,34,"coronavirus","today 3-m","web",0,"United Kingdom"
"539","GB",2020-07-24,32,"coronavirus","today 3-m","web",0,"United Kingdom"
"540","GB",2020-07-25,37,"coronavirus","today 3-m","web",0,"United Kingdom"
"541","HU",2020-04-27,87,"coronavirus","today 3-m","web",0,"Hungary"
"542","HU",2020-04-28,100,"coronavirus","today 3-m","web",0,"Hungary"
"543","HU",2020-04-29,85,"coronavirus","today 3-m","web",0,"Hungary"
"544","HU",2020-04-30,94,"coronavirus","today 3-m","web",0,"Hungary"
"545","HU",2020-05-01,92,"coronavirus","today 3-m","web",0,"Hungary"
"546","HU",2020-05-02,96,"coronavirus","today 3-m","web",0,"Hungary"
"547","HU",2020-05-03,80,"coronavirus","today 3-m","web",0,"Hungary"
"548","HU",2020-05-04,63,"coronavirus","today 3-m","web",0,"Hungary"
"549","HU",2020-05-05,67,"coronavirus","today 3-m","web",0,"Hungary"
"550","HU",2020-05-06,62,"coronavirus","today 3-m","web",0,"Hungary"
"551","HU",2020-05-07,87,"coronavirus","today 3-m","web",0,"Hungary"
"552","HU",2020-05-08,65,"coronavirus","today 3-m","web",0,"Hungary"
"553","HU",2020-05-09,88,"coronavirus","today 3-m","web",0,"Hungary"
"554","HU",2020-05-10,73,"coronavirus","today 3-m","web",0,"Hungary"
"555","HU",2020-05-11,69,"coronavirus","today 3-m","web",0,"Hungary"
"556","HU",2020-05-12,59,"coronavirus","today 3-m","web",0,"Hungary"
"557","HU",2020-05-13,71,"coronavirus","today 3-m","web",0,"Hungary"
"558","HU",2020-05-14,62,"coronavirus","today 3-m","web",0,"Hungary"
"559","HU",2020-05-15,54,"coronavirus","today 3-m","web",0,"Hungary"
"560","HU",2020-05-16,67,"coronavirus","today 3-m","web",0,"Hungary"
"561","HU",2020-05-17,56,"coronavirus","today 3-m","web",0,"Hungary"
"562","HU",2020-05-18,47,"coronavirus","today 3-m","web",0,"Hungary"
"563","HU",2020-05-19,62,"coronavirus","today 3-m","web",0,"Hungary"
"564","HU",2020-05-20,59,"coronavirus","today 3-m","web",0,"Hungary"
"565","HU",2020-05-21,50,"coronavirus","today 3-m","web",0,"Hungary"
"566","HU",2020-05-22,52,"coronavirus","today 3-m","web",0,"Hungary"
"567","HU",2020-05-23,60,"coronavirus","today 3-m","web",0,"Hungary"
"568","HU",2020-05-24,40,"coronavirus","today 3-m","web",0,"Hungary"
"569","HU",2020-05-25,48,"coronavirus","today 3-m","web",0,"Hungary"
"570","HU",2020-05-26,44,"coronavirus","today 3-m","web",0,"Hungary"
"571","HU",2020-05-27,40,"coronavirus","today 3-m","web",0,"Hungary"
"572","HU",2020-05-28,37,"coronavirus","today 3-m","web",0,"Hungary"
"573","HU",2020-05-29,45,"coronavirus","today 3-m","web",0,"Hungary"
"574","HU",2020-05-30,47,"coronavirus","today 3-m","web",0,"Hungary"
"575","HU",2020-05-31,48,"coronavirus","today 3-m","web",0,"Hungary"
"576","HU",2020-06-01,53,"coronavirus","today 3-m","web",0,"Hungary"
"577","HU",2020-06-02,35,"coronavirus","today 3-m","web",0,"Hungary"
"578","HU",2020-06-03,38,"coronavirus","today 3-m","web",0,"Hungary"
"579","HU",2020-06-04,41,"coronavirus","today 3-m","web",0,"Hungary"
"580","HU",2020-06-05,40,"coronavirus","today 3-m","web",0,"Hungary"
"581","HU",2020-06-06,39,"coronavirus","today 3-m","web",0,"Hungary"
"582","HU",2020-06-07,41,"coronavirus","today 3-m","web",0,"Hungary"
"583","HU",2020-06-08,43,"coronavirus","today 3-m","web",0,"Hungary"
"584","HU",2020-06-09,28,"coronavirus","today 3-m","web",0,"Hungary"
"585","HU",2020-06-10,26,"coronavirus","today 3-m","web",0,"Hungary"
"586","HU",2020-06-11,42,"coronavirus","today 3-m","web",0,"Hungary"
"587","HU",2020-06-12,34,"coronavirus","today 3-m","web",0,"Hungary"
"588","HU",2020-06-13,39,"coronavirus","today 3-m","web",0,"Hungary"
"589","HU",2020-06-14,26,"coronavirus","today 3-m","web",0,"Hungary"
"590","HU",2020-06-15,36,"coronavirus","today 3-m","web",0,"Hungary"
"591","HU",2020-06-16,27,"coronavirus","today 3-m","web",0,"Hungary"
"592","HU",2020-06-17,40,"coronavirus","today 3-m","web",0,"Hungary"
"593","HU",2020-06-18,38,"coronavirus","today 3-m","web",0,"Hungary"
"594","HU",2020-06-19,34,"coronavirus","today 3-m","web",0,"Hungary"
"595","HU",2020-06-20,47,"coronavirus","today 3-m","web",0,"Hungary"
"596","HU",2020-06-21,31,"coronavirus","today 3-m","web",0,"Hungary"
"597","HU",2020-06-22,47,"coronavirus","today 3-m","web",0,"Hungary"
"598","HU",2020-06-23,45,"coronavirus","today 3-m","web",0,"Hungary"
"599","HU",2020-06-24,37,"coronavirus","today 3-m","web",0,"Hungary"
"600","HU",2020-06-25,33,"coronavirus","today 3-m","web",0,"Hungary"
"601","HU",2020-06-26,41,"coronavirus","today 3-m","web",0,"Hungary"
"602","HU",2020-06-27,56,"coronavirus","today 3-m","web",0,"Hungary"
"603","HU",2020-06-28,45,"coronavirus","today 3-m","web",0,"Hungary"
"604","HU",2020-06-29,35,"coronavirus","today 3-m","web",0,"Hungary"
"605","HU",2020-06-30,38,"coronavirus","today 3-m","web",0,"Hungary"
"606","HU",2020-07-01,40,"coronavirus","today 3-m","web",0,"Hungary"
"607","HU",2020-07-02,31,"coronavirus","today 3-m","web",0,"Hungary"
"608","HU",2020-07-03,41,"coronavirus","today 3-m","web",0,"Hungary"
"609","HU",2020-07-04,43,"coronavirus","today 3-m","web",0,"Hungary"
"610","HU",2020-07-05,53,"coronavirus","today 3-m","web",0,"Hungary"
"611","HU",2020-07-06,43,"coronavirus","today 3-m","web",0,"Hungary"
"612","HU",2020-07-07,43,"coronavirus","today 3-m","web",0,"Hungary"
"613","HU",2020-07-08,56,"coronavirus","today 3-m","web",0,"Hungary"
"614","HU",2020-07-09,54,"coronavirus","today 3-m","web",0,"Hungary"
"615","HU",2020-07-10,53,"coronavirus","today 3-m","web",0,"Hungary"
"616","HU",2020-07-11,44,"coronavirus","today 3-m","web",0,"Hungary"
"617","HU",2020-07-12,61,"coronavirus","today 3-m","web",0,"Hungary"
"618","HU",2020-07-13,58,"coronavirus","today 3-m","web",0,"Hungary"
"619","HU",2020-07-14,57,"coronavirus","today 3-m","web",0,"Hungary"
"620","HU",2020-07-15,46,"coronavirus","today 3-m","web",0,"Hungary"
"621","HU",2020-07-16,55,"coronavirus","today 3-m","web",0,"Hungary"
"622","HU",2020-07-17,42,"coronavirus","today 3-m","web",0,"Hungary"
"623","HU",2020-07-18,63,"coronavirus","today 3-m","web",0,"Hungary"
"624","HU",2020-07-19,44,"coronavirus","today 3-m","web",0,"Hungary"
"625","HU",2020-07-20,44,"coronavirus","today 3-m","web",0,"Hungary"
"626","HU",2020-07-21,40,"coronavirus","today 3-m","web",0,"Hungary"
"627","HU",2020-07-22,42,"coronavirus","today 3-m","web",0,"Hungary"
"628","HU",2020-07-23,40,"coronavirus","today 3-m","web",0,"Hungary"
"629","HU",2020-07-24,40,"coronavirus","today 3-m","web",0,"Hungary"
"630","HU",2020-07-25,52,"coronavirus","today 3-m","web",0,"Hungary"
"631","IR",2020-04-27,51,"coronavirus","today 3-m","web",0,"Ireland"
"632","IR",2020-04-28,53,"coronavirus","today 3-m","web",0,"Ireland"
"633","IR",2020-04-29,43,"coronavirus","today 3-m","web",0,"Ireland"
"634","IR",2020-04-30,36,"coronavirus","today 3-m","web",0,"Ireland"
"635","IR",2020-05-01,48,"coronavirus","today 3-m","web",0,"Ireland"
"636","IR",2020-05-02,100,"coronavirus","today 3-m","web",0,"Ireland"
"637","IR",2020-05-03,47,"coronavirus","today 3-m","web",0,"Ireland"
"638","IR",2020-05-04,39,"coronavirus","today 3-m","web",0,"Ireland"
"639","IR",2020-05-05,34,"coronavirus","today 3-m","web",0,"Ireland"
"640","IR",2020-05-06,43,"coronavirus","today 3-m","web",0,"Ireland"
"641","IR",2020-05-07,43,"coronavirus","today 3-m","web",0,"Ireland"
"642","IR",2020-05-08,39,"coronavirus","today 3-m","web",0,"Ireland"
"643","IR",2020-05-09,37,"coronavirus","today 3-m","web",0,"Ireland"
"644","IR",2020-05-10,36,"coronavirus","today 3-m","web",0,"Ireland"
"645","IR",2020-05-11,33,"coronavirus","today 3-m","web",0,"Ireland"
"646","IR",2020-05-12,36,"coronavirus","today 3-m","web",0,"Ireland"
"647","IR",2020-05-13,29,"coronavirus","today 3-m","web",0,"Ireland"
"648","IR",2020-05-14,37,"coronavirus","today 3-m","web",0,"Ireland"
"649","IR",2020-05-15,31,"coronavirus","today 3-m","web",0,"Ireland"
"650","IR",2020-05-16,32,"coronavirus","today 3-m","web",0,"Ireland"
"651","IR",2020-05-17,36,"coronavirus","today 3-m","web",0,"Ireland"
"652","IR",2020-05-18,30,"coronavirus","today 3-m","web",0,"Ireland"
"653","IR",2020-05-19,31,"coronavirus","today 3-m","web",0,"Ireland"
"654","IR",2020-05-20,22,"coronavirus","today 3-m","web",0,"Ireland"
"655","IR",2020-05-21,20,"coronavirus","today 3-m","web",0,"Ireland"
"656","IR",2020-05-22,24,"coronavirus","today 3-m","web",0,"Ireland"
"657","IR",2020-05-23,21,"coronavirus","today 3-m","web",0,"Ireland"
"658","IR",2020-05-24,22,"coronavirus","today 3-m","web",0,"Ireland"
"659","IR",2020-05-25,27,"coronavirus","today 3-m","web",0,"Ireland"
"660","IR",2020-05-26,19,"coronavirus","today 3-m","web",0,"Ireland"
"661","IR",2020-05-27,22,"coronavirus","today 3-m","web",0,"Ireland"
"662","IR",2020-05-28,23,"coronavirus","today 3-m","web",0,"Ireland"
"663","IR",2020-05-29,27,"coronavirus","today 3-m","web",0,"Ireland"
"664","IR",2020-05-30,19,"coronavirus","today 3-m","web",0,"Ireland"
"665","IR",2020-05-31,15,"coronavirus","today 3-m","web",0,"Ireland"
"666","IR",2020-06-01,20,"coronavirus","today 3-m","web",0,"Ireland"
"667","IR",2020-06-02,19,"coronavirus","today 3-m","web",0,"Ireland"
"668","IR",2020-06-03,26,"coronavirus","today 3-m","web",0,"Ireland"
"669","IR",2020-06-04,32,"coronavirus","today 3-m","web",0,"Ireland"
"670","IR",2020-06-05,27,"coronavirus","today 3-m","web",0,"Ireland"
"671","IR",2020-06-06,20,"coronavirus","today 3-m","web",0,"Ireland"
"672","IR",2020-06-07,26,"coronavirus","today 3-m","web",0,"Ireland"
"673","IR",2020-06-08,20,"coronavirus","today 3-m","web",0,"Ireland"
"674","IR",2020-06-09,17,"coronavirus","today 3-m","web",0,"Ireland"
"675","IR",2020-06-10,18,"coronavirus","today 3-m","web",0,"Ireland"
"676","IR",2020-06-11,21,"coronavirus","today 3-m","web",0,"Ireland"
"677","IR",2020-06-12,18,"coronavirus","today 3-m","web",0,"Ireland"
"678","IR",2020-06-13,17,"coronavirus","today 3-m","web",0,"Ireland"
"679","IR",2020-06-14,20,"coronavirus","today 3-m","web",0,"Ireland"
"680","IR",2020-06-15,25,"coronavirus","today 3-m","web",0,"Ireland"
"681","IR",2020-06-16,20,"coronavirus","today 3-m","web",0,"Ireland"
"682","IR",2020-06-17,20,"coronavirus","today 3-m","web",0,"Ireland"
"683","IR",2020-06-18,21,"coronavirus","today 3-m","web",0,"Ireland"
"684","IR",2020-06-19,21,"coronavirus","today 3-m","web",0,"Ireland"
"685","IR",2020-06-20,19,"coronavirus","today 3-m","web",0,"Ireland"
"686","IR",2020-06-21,17,"coronavirus","today 3-m","web",0,"Ireland"
"687","IR",2020-06-22,16,"coronavirus","today 3-m","web",0,"Ireland"
"688","IR",2020-06-23,15,"coronavirus","today 3-m","web",0,"Ireland"
"689","IR",2020-06-24,14,"coronavirus","today 3-m","web",0,"Ireland"
"690","IR",2020-06-25,14,"coronavirus","today 3-m","web",0,"Ireland"
"691","IR",2020-06-26,18,"coronavirus","today 3-m","web",0,"Ireland"
"692","IR",2020-06-27,18,"coronavirus","today 3-m","web",0,"Ireland"
"693","IR",2020-06-28,17,"coronavirus","today 3-m","web",0,"Ireland"
"694","IR",2020-06-29,25,"coronavirus","today 3-m","web",0,"Ireland"
"695","IR",2020-06-30,27,"coronavirus","today 3-m","web",0,"Ireland"
"696","IR",2020-07-01,20,"coronavirus","today 3-m","web",0,"Ireland"
"697","IR",2020-07-02,25,"coronavirus","today 3-m","web",0,"Ireland"
"698","IR",2020-07-03,27,"coronavirus","today 3-m","web",0,"Ireland"
"699","IR",2020-07-04,29,"coronavirus","today 3-m","web",0,"Ireland"
"700","IR",2020-07-05,23,"coronavirus","today 3-m","web",0,"Ireland"
"701","IR",2020-07-06,25,"coronavirus","today 3-m","web",0,"Ireland"
"702","IR",2020-07-07,28,"coronavirus","today 3-m","web",0,"Ireland"
"703","IR",2020-07-08,28,"coronavirus","today 3-m","web",0,"Ireland"
"704","IR",2020-07-09,25,"coronavirus","today 3-m","web",0,"Ireland"
"705","IR",2020-07-10,24,"coronavirus","today 3-m","web",0,"Ireland"
"706","IR",2020-07-11,22,"coronavirus","today 3-m","web",0,"Ireland"
"707","IR",2020-07-12,23,"coronavirus","today 3-m","web",0,"Ireland"
"708","IR",2020-07-13,21,"coronavirus","today 3-m","web",0,"Ireland"
"709","IR",2020-07-14,21,"coronavirus","today 3-m","web",0,"Ireland"
"710","IR",2020-07-15,18,"coronavirus","today 3-m","web",0,"Ireland"
"711","IR",2020-07-16,20,"coronavirus","today 3-m","web",0,"Ireland"
"712","IR",2020-07-17,18,"coronavirus","today 3-m","web",0,"Ireland"
"713","IR",2020-07-18,21,"coronavirus","today 3-m","web",0,"Ireland"
"714","IR",2020-07-19,19,"coronavirus","today 3-m","web",0,"Ireland"
"715","IR",2020-07-20,17,"coronavirus","today 3-m","web",0,"Ireland"
"716","IR",2020-07-21,19,"coronavirus","today 3-m","web",0,"Ireland"
"717","IR",2020-07-22,21,"coronavirus","today 3-m","web",0,"Ireland"
"718","IR",2020-07-23,19,"coronavirus","today 3-m","web",0,"Ireland"
"719","IR",2020-07-24,19,"coronavirus","today 3-m","web",0,"Ireland"
"720","IR",2020-07-25,15,"coronavirus","today 3-m","web",0,"Ireland"
"721","IT",2020-04-27,91,"coronavirus","today 3-m","web",0,"Italy"
"722","IT",2020-04-28,86,"coronavirus","today 3-m","web",0,"Italy"
"723","IT",2020-04-29,86,"coronavirus","today 3-m","web",0,"Italy"
"724","IT",2020-04-30,77,"coronavirus","today 3-m","web",0,"Italy"
"725","IT",2020-05-01,91,"coronavirus","today 3-m","web",0,"Italy"
"726","IT",2020-05-02,96,"coronavirus","today 3-m","web",0,"Italy"
"727","IT",2020-05-03,100,"coronavirus","today 3-m","web",0,"Italy"
"728","IT",2020-05-04,86,"coronavirus","today 3-m","web",0,"Italy"
"729","IT",2020-05-05,80,"coronavirus","today 3-m","web",0,"Italy"
"730","IT",2020-05-06,77,"coronavirus","today 3-m","web",0,"Italy"
"731","IT",2020-05-07,76,"coronavirus","today 3-m","web",0,"Italy"
"732","IT",2020-05-08,76,"coronavirus","today 3-m","web",0,"Italy"
"733","IT",2020-05-09,81,"coronavirus","today 3-m","web",0,"Italy"
"734","IT",2020-05-10,81,"coronavirus","today 3-m","web",0,"Italy"
"735","IT",2020-05-11,67,"coronavirus","today 3-m","web",0,"Italy"
"736","IT",2020-05-12,69,"coronavirus","today 3-m","web",0,"Italy"
"737","IT",2020-05-13,68,"coronavirus","today 3-m","web",0,"Italy"
"738","IT",2020-05-14,67,"coronavirus","today 3-m","web",0,"Italy"
"739","IT",2020-05-15,66,"coronavirus","today 3-m","web",0,"Italy"
"740","IT",2020-05-16,72,"coronavirus","today 3-m","web",0,"Italy"
"741","IT",2020-05-17,74,"coronavirus","today 3-m","web",0,"Italy"
"742","IT",2020-05-18,62,"coronavirus","today 3-m","web",0,"Italy"
"743","IT",2020-05-19,56,"coronavirus","today 3-m","web",0,"Italy"
"744","IT",2020-05-20,56,"coronavirus","today 3-m","web",0,"Italy"
"745","IT",2020-05-21,53,"coronavirus","today 3-m","web",0,"Italy"
"746","IT",2020-05-22,51,"coronavirus","today 3-m","web",0,"Italy"
"747","IT",2020-05-23,54,"coronavirus","today 3-m","web",0,"Italy"
"748","IT",2020-05-24,64,"coronavirus","today 3-m","web",0,"Italy"
"749","IT",2020-05-25,50,"coronavirus","today 3-m","web",0,"Italy"
"750","IT",2020-05-26,46,"coronavirus","today 3-m","web",0,"Italy"
"751","IT",2020-05-27,48,"coronavirus","today 3-m","web",0,"Italy"
"752","IT",2020-05-28,50,"coronavirus","today 3-m","web",0,"Italy"
"753","IT",2020-05-29,46,"coronavirus","today 3-m","web",0,"Italy"
"754","IT",2020-05-30,47,"coronavirus","today 3-m","web",0,"Italy"
"755","IT",2020-05-31,49,"coronavirus","today 3-m","web",0,"Italy"
"756","IT",2020-06-01,44,"coronavirus","today 3-m","web",0,"Italy"
"757","IT",2020-06-02,48,"coronavirus","today 3-m","web",0,"Italy"
"758","IT",2020-06-03,41,"coronavirus","today 3-m","web",0,"Italy"
"759","IT",2020-06-04,38,"coronavirus","today 3-m","web",0,"Italy"
"760","IT",2020-06-05,39,"coronavirus","today 3-m","web",0,"Italy"
"761","IT",2020-06-06,44,"coronavirus","today 3-m","web",0,"Italy"
"762","IT",2020-06-07,44,"coronavirus","today 3-m","web",0,"Italy"
"763","IT",2020-06-08,36,"coronavirus","today 3-m","web",0,"Italy"
"764","IT",2020-06-09,34,"coronavirus","today 3-m","web",0,"Italy"
"765","IT",2020-06-10,34,"coronavirus","today 3-m","web",0,"Italy"
"766","IT",2020-06-11,35,"coronavirus","today 3-m","web",0,"Italy"
"767","IT",2020-06-12,37,"coronavirus","today 3-m","web",0,"Italy"
"768","IT",2020-06-13,38,"coronavirus","today 3-m","web",0,"Italy"
"769","IT",2020-06-14,39,"coronavirus","today 3-m","web",0,"Italy"
"770","IT",2020-06-15,34,"coronavirus","today 3-m","web",0,"Italy"
"771","IT",2020-06-16,32,"coronavirus","today 3-m","web",0,"Italy"
"772","IT",2020-06-17,33,"coronavirus","today 3-m","web",0,"Italy"
"773","IT",2020-06-18,34,"coronavirus","today 3-m","web",0,"Italy"
"774","IT",2020-06-19,34,"coronavirus","today 3-m","web",0,"Italy"
"775","IT",2020-06-20,34,"coronavirus","today 3-m","web",0,"Italy"
"776","IT",2020-06-21,35,"coronavirus","today 3-m","web",0,"Italy"
"777","IT",2020-06-22,31,"coronavirus","today 3-m","web",0,"Italy"
"778","IT",2020-06-23,32,"coronavirus","today 3-m","web",0,"Italy"
"779","IT",2020-06-24,34,"coronavirus","today 3-m","web",0,"Italy"
"780","IT",2020-06-25,36,"coronavirus","today 3-m","web",0,"Italy"
"781","IT",2020-06-26,37,"coronavirus","today 3-m","web",0,"Italy"
"782","IT",2020-06-27,37,"coronavirus","today 3-m","web",0,"Italy"
"783","IT",2020-06-28,34,"coronavirus","today 3-m","web",0,"Italy"
"784","IT",2020-06-29,30,"coronavirus","today 3-m","web",0,"Italy"
"785","IT",2020-06-30,29,"coronavirus","today 3-m","web",0,"Italy"
"786","IT",2020-07-01,29,"coronavirus","today 3-m","web",0,"Italy"
"787","IT",2020-07-02,29,"coronavirus","today 3-m","web",0,"Italy"
"788","IT",2020-07-03,33,"coronavirus","today 3-m","web",0,"Italy"
"789","IT",2020-07-04,35,"coronavirus","today 3-m","web",0,"Italy"
"790","IT",2020-07-05,37,"coronavirus","today 3-m","web",0,"Italy"
"791","IT",2020-07-06,32,"coronavirus","today 3-m","web",0,"Italy"
"792","IT",2020-07-07,31,"coronavirus","today 3-m","web",0,"Italy"
"793","IT",2020-07-08,29,"coronavirus","today 3-m","web",0,"Italy"
"794","IT",2020-07-09,28,"coronavirus","today 3-m","web",0,"Italy"
"795","IT",2020-07-10,31,"coronavirus","today 3-m","web",0,"Italy"
"796","IT",2020-07-11,31,"coronavirus","today 3-m","web",0,"Italy"
"797","IT",2020-07-12,33,"coronavirus","today 3-m","web",0,"Italy"
"798","IT",2020-07-13,29,"coronavirus","today 3-m","web",0,"Italy"
"799","IT",2020-07-14,27,"coronavirus","today 3-m","web",0,"Italy"
"800","IT",2020-07-15,25,"coronavirus","today 3-m","web",0,"Italy"
"801","IT",2020-07-16,25,"coronavirus","today 3-m","web",0,"Italy"
"802","IT",2020-07-17,29,"coronavirus","today 3-m","web",0,"Italy"
"803","IT",2020-07-18,31,"coronavirus","today 3-m","web",0,"Italy"
"804","IT",2020-07-19,33,"coronavirus","today 3-m","web",0,"Italy"
"805","IT",2020-07-20,29,"coronavirus","today 3-m","web",0,"Italy"
"806","IT",2020-07-21,26,"coronavirus","today 3-m","web",0,"Italy"
"807","IT",2020-07-22,27,"coronavirus","today 3-m","web",0,"Italy"
"808","IT",2020-07-23,29,"coronavirus","today 3-m","web",0,"Italy"
"809","IT",2020-07-24,29,"coronavirus","today 3-m","web",0,"Italy"
"810","IT",2020-07-25,32,"coronavirus","today 3-m","web",0,"Italy"
"811","NL",2020-04-27,100,"coronavirus","today 3-m","web",0,"Netherlands"
"812","NL",2020-04-28,87,"coronavirus","today 3-m","web",0,"Netherlands"
"813","NL",2020-04-29,83,"coronavirus","today 3-m","web",0,"Netherlands"
"814","NL",2020-04-30,72,"coronavirus","today 3-m","web",0,"Netherlands"
"815","NL",2020-05-01,77,"coronavirus","today 3-m","web",0,"Netherlands"
"816","NL",2020-05-02,76,"coronavirus","today 3-m","web",0,"Netherlands"
"817","NL",2020-05-03,78,"coronavirus","today 3-m","web",0,"Netherlands"
"818","NL",2020-05-04,74,"coronavirus","today 3-m","web",0,"Netherlands"
"819","NL",2020-05-05,76,"coronavirus","today 3-m","web",0,"Netherlands"
"820","NL",2020-05-06,82,"coronavirus","today 3-m","web",0,"Netherlands"
"821","NL",2020-05-07,72,"coronavirus","today 3-m","web",0,"Netherlands"
"822","NL",2020-05-08,70,"coronavirus","today 3-m","web",0,"Netherlands"
"823","NL",2020-05-09,77,"coronavirus","today 3-m","web",0,"Netherlands"
"824","NL",2020-05-10,69,"coronavirus","today 3-m","web",0,"Netherlands"
"825","NL",2020-05-11,62,"coronavirus","today 3-m","web",0,"Netherlands"
"826","NL",2020-05-12,62,"coronavirus","today 3-m","web",0,"Netherlands"
"827","NL",2020-05-13,61,"coronavirus","today 3-m","web",0,"Netherlands"
"828","NL",2020-05-14,61,"coronavirus","today 3-m","web",0,"Netherlands"
"829","NL",2020-05-15,56,"coronavirus","today 3-m","web",0,"Netherlands"
"830","NL",2020-05-16,61,"coronavirus","today 3-m","web",0,"Netherlands"
"831","NL",2020-05-17,60,"coronavirus","today 3-m","web",0,"Netherlands"
"832","NL",2020-05-18,56,"coronavirus","today 3-m","web",0,"Netherlands"
"833","NL",2020-05-19,56,"coronavirus","today 3-m","web",0,"Netherlands"
"834","NL",2020-05-20,52,"coronavirus","today 3-m","web",0,"Netherlands"
"835","NL",2020-05-21,50,"coronavirus","today 3-m","web",0,"Netherlands"
"836","NL",2020-05-22,46,"coronavirus","today 3-m","web",0,"Netherlands"
"837","NL",2020-05-23,48,"coronavirus","today 3-m","web",0,"Netherlands"
"838","NL",2020-05-24,52,"coronavirus","today 3-m","web",0,"Netherlands"
"839","NL",2020-05-25,45,"coronavirus","today 3-m","web",0,"Netherlands"
"840","NL",2020-05-26,49,"coronavirus","today 3-m","web",0,"Netherlands"
"841","NL",2020-05-27,46,"coronavirus","today 3-m","web",0,"Netherlands"
"842","NL",2020-05-28,49,"coronavirus","today 3-m","web",0,"Netherlands"
"843","NL",2020-05-29,46,"coronavirus","today 3-m","web",0,"Netherlands"
"844","NL",2020-05-30,43,"coronavirus","today 3-m","web",0,"Netherlands"
"845","NL",2020-05-31,45,"coronavirus","today 3-m","web",0,"Netherlands"
"846","NL",2020-06-01,48,"coronavirus","today 3-m","web",0,"Netherlands"
"847","NL",2020-06-02,51,"coronavirus","today 3-m","web",0,"Netherlands"
"848","NL",2020-06-03,52,"coronavirus","today 3-m","web",0,"Netherlands"
"849","NL",2020-06-04,45,"coronavirus","today 3-m","web",0,"Netherlands"
"850","NL",2020-06-05,45,"coronavirus","today 3-m","web",0,"Netherlands"
"851","NL",2020-06-06,46,"coronavirus","today 3-m","web",0,"Netherlands"
"852","NL",2020-06-07,48,"coronavirus","today 3-m","web",0,"Netherlands"
"853","NL",2020-06-08,42,"coronavirus","today 3-m","web",0,"Netherlands"
"854","NL",2020-06-09,44,"coronavirus","today 3-m","web",0,"Netherlands"
"855","NL",2020-06-10,39,"coronavirus","today 3-m","web",0,"Netherlands"
"856","NL",2020-06-11,40,"coronavirus","today 3-m","web",0,"Netherlands"
"857","NL",2020-06-12,39,"coronavirus","today 3-m","web",0,"Netherlands"
"858","NL",2020-06-13,39,"coronavirus","today 3-m","web",0,"Netherlands"
"859","NL",2020-06-14,39,"coronavirus","today 3-m","web",0,"Netherlands"
"860","NL",2020-06-15,39,"coronavirus","today 3-m","web",0,"Netherlands"
"861","NL",2020-06-16,39,"coronavirus","today 3-m","web",0,"Netherlands"
"862","NL",2020-06-17,34,"coronavirus","today 3-m","web",0,"Netherlands"
"863","NL",2020-06-18,35,"coronavirus","today 3-m","web",0,"Netherlands"
"864","NL",2020-06-19,33,"coronavirus","today 3-m","web",0,"Netherlands"
"865","NL",2020-06-20,37,"coronavirus","today 3-m","web",0,"Netherlands"
"866","NL",2020-06-21,38,"coronavirus","today 3-m","web",0,"Netherlands"
"867","NL",2020-06-22,36,"coronavirus","today 3-m","web",0,"Netherlands"
"868","NL",2020-06-23,35,"coronavirus","today 3-m","web",0,"Netherlands"
"869","NL",2020-06-24,39,"coronavirus","today 3-m","web",0,"Netherlands"
"870","NL",2020-06-25,37,"coronavirus","today 3-m","web",0,"Netherlands"
"871","NL",2020-06-26,34,"coronavirus","today 3-m","web",0,"Netherlands"
"872","NL",2020-06-27,30,"coronavirus","today 3-m","web",0,"Netherlands"
"873","NL",2020-06-28,29,"coronavirus","today 3-m","web",0,"Netherlands"
"874","NL",2020-06-29,34,"coronavirus","today 3-m","web",0,"Netherlands"
"875","NL",2020-06-30,33,"coronavirus","today 3-m","web",0,"Netherlands"
"876","NL",2020-07-01,29,"coronavirus","today 3-m","web",0,"Netherlands"
"877","NL",2020-07-02,36,"coronavirus","today 3-m","web",0,"Netherlands"
"878","NL",2020-07-03,33,"coronavirus","today 3-m","web",0,"Netherlands"
"879","NL",2020-07-04,35,"coronavirus","today 3-m","web",0,"Netherlands"
"880","NL",2020-07-05,42,"coronavirus","today 3-m","web",0,"Netherlands"
"881","NL",2020-07-06,42,"coronavirus","today 3-m","web",0,"Netherlands"
"882","NL",2020-07-07,39,"coronavirus","today 3-m","web",0,"Netherlands"
"883","NL",2020-07-08,35,"coronavirus","today 3-m","web",0,"Netherlands"
"884","NL",2020-07-09,33,"coronavirus","today 3-m","web",0,"Netherlands"
"885","NL",2020-07-10,33,"coronavirus","today 3-m","web",0,"Netherlands"
"886","NL",2020-07-11,31,"coronavirus","today 3-m","web",0,"Netherlands"
"887","NL",2020-07-12,34,"coronavirus","today 3-m","web",0,"Netherlands"
"888","NL",2020-07-13,37,"coronavirus","today 3-m","web",0,"Netherlands"
"889","NL",2020-07-14,37,"coronavirus","today 3-m","web",0,"Netherlands"
"890","NL",2020-07-15,26,"coronavirus","today 3-m","web",0,"Netherlands"
"891","NL",2020-07-16,29,"coronavirus","today 3-m","web",0,"Netherlands"
"892","NL",2020-07-17,35,"coronavirus","today 3-m","web",0,"Netherlands"
"893","NL",2020-07-18,36,"coronavirus","today 3-m","web",0,"Netherlands"
"894","NL",2020-07-19,37,"coronavirus","today 3-m","web",0,"Netherlands"
"895","NL",2020-07-20,36,"coronavirus","today 3-m","web",0,"Netherlands"
"896","NL",2020-07-21,45,"coronavirus","today 3-m","web",0,"Netherlands"
"897","NL",2020-07-22,46,"coronavirus","today 3-m","web",0,"Netherlands"
"898","NL",2020-07-23,44,"coronavirus","today 3-m","web",0,"Netherlands"
"899","NL",2020-07-24,38,"coronavirus","today 3-m","web",0,"Netherlands"
"900","NL",2020-07-25,37,"coronavirus","today 3-m","web",0,"Netherlands"
"901","NO",2020-04-27,100,"coronavirus","today 3-m","web",0,"Norway"
"902","NO",2020-04-28,96,"coronavirus","today 3-m","web",0,"Norway"
"903","NO",2020-04-29,94,"coronavirus","today 3-m","web",0,"Norway"
"904","NO",2020-04-30,78,"coronavirus","today 3-m","web",0,"Norway"
"905","NO",2020-05-01,94,"coronavirus","today 3-m","web",0,"Norway"
"906","NO",2020-05-02,87,"coronavirus","today 3-m","web",0,"Norway"
"907","NO",2020-05-03,98,"coronavirus","today 3-m","web",0,"Norway"
"908","NO",2020-05-04,81,"coronavirus","today 3-m","web",0,"Norway"
"909","NO",2020-05-05,78,"coronavirus","today 3-m","web",0,"Norway"
"910","NO",2020-05-06,94,"coronavirus","today 3-m","web",0,"Norway"
"911","NO",2020-05-07,95,"coronavirus","today 3-m","web",0,"Norway"
"912","NO",2020-05-08,76,"coronavirus","today 3-m","web",0,"Norway"
"913","NO",2020-05-09,77,"coronavirus","today 3-m","web",0,"Norway"
"914","NO",2020-05-10,82,"coronavirus","today 3-m","web",0,"Norway"
"915","NO",2020-05-11,76,"coronavirus","today 3-m","web",0,"Norway"
"916","NO",2020-05-12,67,"coronavirus","today 3-m","web",0,"Norway"
"917","NO",2020-05-13,77,"coronavirus","today 3-m","web",0,"Norway"
"918","NO",2020-05-14,73,"coronavirus","today 3-m","web",0,"Norway"
"919","NO",2020-05-15,67,"coronavirus","today 3-m","web",0,"Norway"
"920","NO",2020-05-16,68,"coronavirus","today 3-m","web",0,"Norway"
"921","NO",2020-05-17,61,"coronavirus","today 3-m","web",0,"Norway"
"922","NO",2020-05-18,78,"coronavirus","today 3-m","web",0,"Norway"
"923","NO",2020-05-19,68,"coronavirus","today 3-m","web",0,"Norway"
"924","NO",2020-05-20,62,"coronavirus","today 3-m","web",0,"Norway"
"925","NO",2020-05-21,61,"coronavirus","today 3-m","web",0,"Norway"
"926","NO",2020-05-22,71,"coronavirus","today 3-m","web",0,"Norway"
"927","NO",2020-05-23,62,"coronavirus","today 3-m","web",0,"Norway"
"928","NO",2020-05-24,69,"coronavirus","today 3-m","web",0,"Norway"
"929","NO",2020-05-25,53,"coronavirus","today 3-m","web",0,"Norway"
"930","NO",2020-05-26,52,"coronavirus","today 3-m","web",0,"Norway"
"931","NO",2020-05-27,65,"coronavirus","today 3-m","web",0,"Norway"
"932","NO",2020-05-28,54,"coronavirus","today 3-m","web",0,"Norway"
"933","NO",2020-05-29,50,"coronavirus","today 3-m","web",0,"Norway"
"934","NO",2020-05-30,51,"coronavirus","today 3-m","web",0,"Norway"
"935","NO",2020-05-31,52,"coronavirus","today 3-m","web",0,"Norway"
"936","NO",2020-06-01,59,"coronavirus","today 3-m","web",0,"Norway"
"937","NO",2020-06-02,49,"coronavirus","today 3-m","web",0,"Norway"
"938","NO",2020-06-03,40,"coronavirus","today 3-m","web",0,"Norway"
"939","NO",2020-06-04,46,"coronavirus","today 3-m","web",0,"Norway"
"940","NO",2020-06-05,47,"coronavirus","today 3-m","web",0,"Norway"
"941","NO",2020-06-06,42,"coronavirus","today 3-m","web",0,"Norway"
"942","NO",2020-06-07,59,"coronavirus","today 3-m","web",0,"Norway"
"943","NO",2020-06-08,50,"coronavirus","today 3-m","web",0,"Norway"
"944","NO",2020-06-09,37,"coronavirus","today 3-m","web",0,"Norway"
"945","NO",2020-06-10,48,"coronavirus","today 3-m","web",0,"Norway"
"946","NO",2020-06-11,49,"coronavirus","today 3-m","web",0,"Norway"
"947","NO",2020-06-12,46,"coronavirus","today 3-m","web",0,"Norway"
"948","NO",2020-06-13,42,"coronavirus","today 3-m","web",0,"Norway"
"949","NO",2020-06-14,44,"coronavirus","today 3-m","web",0,"Norway"
"950","NO",2020-06-15,44,"coronavirus","today 3-m","web",0,"Norway"
"951","NO",2020-06-16,39,"coronavirus","today 3-m","web",0,"Norway"
"952","NO",2020-06-17,43,"coronavirus","today 3-m","web",0,"Norway"
"953","NO",2020-06-18,41,"coronavirus","today 3-m","web",0,"Norway"
"954","NO",2020-06-19,39,"coronavirus","today 3-m","web",0,"Norway"
"955","NO",2020-06-20,40,"coronavirus","today 3-m","web",0,"Norway"
"956","NO",2020-06-21,38,"coronavirus","today 3-m","web",0,"Norway"
"957","NO",2020-06-22,44,"coronavirus","today 3-m","web",0,"Norway"
"958","NO",2020-06-23,32,"coronavirus","today 3-m","web",0,"Norway"
"959","NO",2020-06-24,39,"coronavirus","today 3-m","web",0,"Norway"
"960","NO",2020-06-25,43,"coronavirus","today 3-m","web",0,"Norway"
"961","NO",2020-06-26,36,"coronavirus","today 3-m","web",0,"Norway"
"962","NO",2020-06-27,48,"coronavirus","today 3-m","web",0,"Norway"
"963","NO",2020-06-28,49,"coronavirus","today 3-m","web",0,"Norway"
"964","NO",2020-06-29,33,"coronavirus","today 3-m","web",0,"Norway"
"965","NO",2020-06-30,49,"coronavirus","today 3-m","web",0,"Norway"
"966","NO",2020-07-01,40,"coronavirus","today 3-m","web",0,"Norway"
"967","NO",2020-07-02,29,"coronavirus","today 3-m","web",0,"Norway"
"968","NO",2020-07-03,33,"coronavirus","today 3-m","web",0,"Norway"
"969","NO",2020-07-04,44,"coronavirus","today 3-m","web",0,"Norway"
"970","NO",2020-07-05,44,"coronavirus","today 3-m","web",0,"Norway"
"971","NO",2020-07-06,37,"coronavirus","today 3-m","web",0,"Norway"
"972","NO",2020-07-07,42,"coronavirus","today 3-m","web",0,"Norway"
"973","NO",2020-07-08,38,"coronavirus","today 3-m","web",0,"Norway"
"974","NO",2020-07-09,31,"coronavirus","today 3-m","web",0,"Norway"
"975","NO",2020-07-10,44,"coronavirus","today 3-m","web",0,"Norway"
"976","NO",2020-07-11,33,"coronavirus","today 3-m","web",0,"Norway"
"977","NO",2020-07-12,40,"coronavirus","today 3-m","web",0,"Norway"
"978","NO",2020-07-13,22,"coronavirus","today 3-m","web",0,"Norway"
"979","NO",2020-07-14,34,"coronavirus","today 3-m","web",0,"Norway"
"980","NO",2020-07-15,34,"coronavirus","today 3-m","web",0,"Norway"
"981","NO",2020-07-16,35,"coronavirus","today 3-m","web",0,"Norway"
"982","NO",2020-07-17,32,"coronavirus","today 3-m","web",0,"Norway"
"983","NO",2020-07-18,40,"coronavirus","today 3-m","web",0,"Norway"
"984","NO",2020-07-19,35,"coronavirus","today 3-m","web",0,"Norway"
"985","NO",2020-07-20,42,"coronavirus","today 3-m","web",0,"Norway"
"986","NO",2020-07-21,33,"coronavirus","today 3-m","web",0,"Norway"
"987","NO",2020-07-22,34,"coronavirus","today 3-m","web",0,"Norway"
"988","NO",2020-07-23,35,"coronavirus","today 3-m","web",0,"Norway"
"989","NO",2020-07-24,27,"coronavirus","today 3-m","web",0,"Norway"
"990","NO",2020-07-25,28,"coronavirus","today 3-m","web",0,"Norway"
"991","SE",2020-04-27,100,"coronavirus","today 3-m","web",0,"Sweden"
"992","SE",2020-04-28,94,"coronavirus","today 3-m","web",0,"Sweden"
"993","SE",2020-04-29,94,"coronavirus","today 3-m","web",0,"Sweden"
"994","SE",2020-04-30,90,"coronavirus","today 3-m","web",0,"Sweden"
"995","SE",2020-05-01,86,"coronavirus","today 3-m","web",0,"Sweden"
"996","SE",2020-05-02,87,"coronavirus","today 3-m","web",0,"Sweden"
"997","SE",2020-05-03,93,"coronavirus","today 3-m","web",0,"Sweden"
"998","SE",2020-05-04,90,"coronavirus","today 3-m","web",0,"Sweden"
"999","SE",2020-05-05,87,"coronavirus","today 3-m","web",0,"Sweden"
"1000","SE",2020-05-06,89,"coronavirus","today 3-m","web",0,"Sweden"
"1001","SE",2020-05-07,83,"coronavirus","today 3-m","web",0,"Sweden"
"1002","SE",2020-05-08,73,"coronavirus","today 3-m","web",0,"Sweden"
"1003","SE",2020-05-09,79,"coronavirus","today 3-m","web",0,"Sweden"
"1004","SE",2020-05-10,74,"coronavirus","today 3-m","web",0,"Sweden"
"1005","SE",2020-05-11,80,"coronavirus","today 3-m","web",0,"Sweden"
"1006","SE",2020-05-12,70,"coronavirus","today 3-m","web",0,"Sweden"
"1007","SE",2020-05-13,74,"coronavirus","today 3-m","web",0,"Sweden"
"1008","SE",2020-05-14,65,"coronavirus","today 3-m","web",0,"Sweden"
"1009","SE",2020-05-15,63,"coronavirus","today 3-m","web",0,"Sweden"
"1010","SE",2020-05-16,62,"coronavirus","today 3-m","web",0,"Sweden"
"1011","SE",2020-05-17,70,"coronavirus","today 3-m","web",0,"Sweden"
"1012","SE",2020-05-18,63,"coronavirus","today 3-m","web",0,"Sweden"
"1013","SE",2020-05-19,59,"coronavirus","today 3-m","web",0,"Sweden"
"1014","SE",2020-05-20,61,"coronavirus","today 3-m","web",0,"Sweden"
"1015","SE",2020-05-21,62,"coronavirus","today 3-m","web",0,"Sweden"
"1016","SE",2020-05-22,54,"coronavirus","today 3-m","web",0,"Sweden"
"1017","SE",2020-05-23,57,"coronavirus","today 3-m","web",0,"Sweden"
"1018","SE",2020-05-24,50,"coronavirus","today 3-m","web",0,"Sweden"
"1019","SE",2020-05-25,58,"coronavirus","today 3-m","web",0,"Sweden"
"1020","SE",2020-05-26,61,"coronavirus","today 3-m","web",0,"Sweden"
"1021","SE",2020-05-27,56,"coronavirus","today 3-m","web",0,"Sweden"
"1022","SE",2020-05-28,54,"coronavirus","today 3-m","web",0,"Sweden"
"1023","SE",2020-05-29,52,"coronavirus","today 3-m","web",0,"Sweden"
"1024","SE",2020-05-30,47,"coronavirus","today 3-m","web",0,"Sweden"
"1025","SE",2020-05-31,58,"coronavirus","today 3-m","web",0,"Sweden"
"1026","SE",2020-06-01,53,"coronavirus","today 3-m","web",0,"Sweden"
"1027","SE",2020-06-02,46,"coronavirus","today 3-m","web",0,"Sweden"
"1028","SE",2020-06-03,49,"coronavirus","today 3-m","web",0,"Sweden"
"1029","SE",2020-06-04,55,"coronavirus","today 3-m","web",0,"Sweden"
"1030","SE",2020-06-05,52,"coronavirus","today 3-m","web",0,"Sweden"
"1031","SE",2020-06-06,43,"coronavirus","today 3-m","web",0,"Sweden"
"1032","SE",2020-06-07,49,"coronavirus","today 3-m","web",0,"Sweden"
"1033","SE",2020-06-08,52,"coronavirus","today 3-m","web",0,"Sweden"
"1034","SE",2020-06-09,45,"coronavirus","today 3-m","web",0,"Sweden"
"1035","SE",2020-06-10,45,"coronavirus","today 3-m","web",0,"Sweden"
"1036","SE",2020-06-11,47,"coronavirus","today 3-m","web",0,"Sweden"
"1037","SE",2020-06-12,41,"coronavirus","today 3-m","web",0,"Sweden"
"1038","SE",2020-06-13,44,"coronavirus","today 3-m","web",0,"Sweden"
"1039","SE",2020-06-14,44,"coronavirus","today 3-m","web",0,"Sweden"
"1040","SE",2020-06-15,52,"coronavirus","today 3-m","web",0,"Sweden"
"1041","SE",2020-06-16,42,"coronavirus","today 3-m","web",0,"Sweden"
"1042","SE",2020-06-17,42,"coronavirus","today 3-m","web",0,"Sweden"
"1043","SE",2020-06-18,49,"coronavirus","today 3-m","web",0,"Sweden"
"1044","SE",2020-06-19,43,"coronavirus","today 3-m","web",0,"Sweden"
"1045","SE",2020-06-20,43,"coronavirus","today 3-m","web",0,"Sweden"
"1046","SE",2020-06-21,43,"coronavirus","today 3-m","web",0,"Sweden"
"1047","SE",2020-06-22,43,"coronavirus","today 3-m","web",0,"Sweden"
"1048","SE",2020-06-23,44,"coronavirus","today 3-m","web",0,"Sweden"
"1049","SE",2020-06-24,46,"coronavirus","today 3-m","web",0,"Sweden"
"1050","SE",2020-06-25,41,"coronavirus","today 3-m","web",0,"Sweden"
"1051","SE",2020-06-26,42,"coronavirus","today 3-m","web",0,"Sweden"
"1052","SE",2020-06-27,43,"coronavirus","today 3-m","web",0,"Sweden"
"1053","SE",2020-06-28,40,"coronavirus","today 3-m","web",0,"Sweden"
"1054","SE",2020-06-29,37,"coronavirus","today 3-m","web",0,"Sweden"
"1055","SE",2020-06-30,35,"coronavirus","today 3-m","web",0,"Sweden"
"1056","SE",2020-07-01,36,"coronavirus","today 3-m","web",0,"Sweden"
"1057","SE",2020-07-02,33,"coronavirus","today 3-m","web",0,"Sweden"
"1058","SE",2020-07-03,37,"coronavirus","today 3-m","web",0,"Sweden"
"1059","SE",2020-07-04,36,"coronavirus","today 3-m","web",0,"Sweden"
"1060","SE",2020-07-05,37,"coronavirus","today 3-m","web",0,"Sweden"
"1061","SE",2020-07-06,38,"coronavirus","today 3-m","web",0,"Sweden"
"1062","SE",2020-07-07,38,"coronavirus","today 3-m","web",0,"Sweden"
"1063","SE",2020-07-08,36,"coronavirus","today 3-m","web",0,"Sweden"
"1064","SE",2020-07-09,36,"coronavirus","today 3-m","web",0,"Sweden"
"1065","SE",2020-07-10,36,"coronavirus","today 3-m","web",0,"Sweden"
"1066","SE",2020-07-11,36,"coronavirus","today 3-m","web",0,"Sweden"
"1067","SE",2020-07-12,37,"coronavirus","today 3-m","web",0,"Sweden"
"1068","SE",2020-07-13,40,"coronavirus","today 3-m","web",0,"Sweden"
"1069","SE",2020-07-14,36,"coronavirus","today 3-m","web",0,"Sweden"
"1070","SE",2020-07-15,30,"coronavirus","today 3-m","web",0,"Sweden"
"1071","SE",2020-07-16,27,"coronavirus","today 3-m","web",0,"Sweden"
"1072","SE",2020-07-17,38,"coronavirus","today 3-m","web",0,"Sweden"
"1073","SE",2020-07-18,32,"coronavirus","today 3-m","web",0,"Sweden"
"1074","SE",2020-07-19,31,"coronavirus","today 3-m","web",0,"Sweden"
"1075","SE",2020-07-20,30,"coronavirus","today 3-m","web",0,"Sweden"
"1076","SE",2020-07-21,27,"coronavirus","today 3-m","web",0,"Sweden"
"1077","SE",2020-07-22,30,"coronavirus","today 3-m","web",0,"Sweden"
"1078","SE",2020-07-23,23,"coronavirus","today 3-m","web",0,"Sweden"
"1079","SE",2020-07-24,26,"coronavirus","today 3-m","web",0,"Sweden"
"1080","SE",2020-07-25,27,"coronavirus","today 3-m","web",0,"Sweden"
