"","geo","date","hits","time","keyword","gprop","category","Country.Region"
"1","BE",2020-01-08,0,"today 3-m","coronavirus","web",0,"Belgium"
"2","BE",2020-01-09,0,"today 3-m","coronavirus","web",0,"Belgium"
"3","BE",2020-01-10,0,"today 3-m","coronavirus","web",0,"Belgium"
"4","BE",2020-01-11,0,"today 3-m","coronavirus","web",0,"Belgium"
"5","BE",2020-01-12,0,"today 3-m","coronavirus","web",0,"Belgium"
"6","BE",2020-01-13,0,"today 3-m","coronavirus","web",0,"Belgium"
"7","BE",2020-01-14,0,"today 3-m","coronavirus","web",0,"Belgium"
"8","BE",2020-01-15,0,"today 3-m","coronavirus","web",0,"Belgium"
"9","BE",2020-01-16,0,"today 3-m","coronavirus","web",0,"Belgium"
"10","BE",2020-01-17,0,"today 3-m","coronavirus","web",0,"Belgium"
"11","BE",2020-01-18,0,"today 3-m","coronavirus","web",0,"Belgium"
"12","BE",2020-01-19,0,"today 3-m","coronavirus","web",0,"Belgium"
"13","BE",2020-01-20,0,"today 3-m","coronavirus","web",0,"Belgium"
"14","BE",2020-01-21,1,"today 3-m","coronavirus","web",0,"Belgium"
"15","BE",2020-01-22,2,"today 3-m","coronavirus","web",0,"Belgium"
"16","BE",2020-01-23,3,"today 3-m","coronavirus","web",0,"Belgium"
"17","BE",2020-01-24,10,"today 3-m","coronavirus","web",0,"Belgium"
"18","BE",2020-01-25,15,"today 3-m","coronavirus","web",0,"Belgium"
"19","BE",2020-01-26,8,"today 3-m","coronavirus","web",0,"Belgium"
"20","BE",2020-01-27,8,"today 3-m","coronavirus","web",0,"Belgium"
"21","BE",2020-01-28,8,"today 3-m","coronavirus","web",0,"Belgium"
"22","BE",2020-01-29,7,"today 3-m","coronavirus","web",0,"Belgium"
"23","BE",2020-01-30,9,"today 3-m","coronavirus","web",0,"Belgium"
"24","BE",2020-01-31,9,"today 3-m","coronavirus","web",0,"Belgium"
"25","BE",2020-02-01,5,"today 3-m","coronavirus","web",0,"Belgium"
"26","BE",2020-02-02,6,"today 3-m","coronavirus","web",0,"Belgium"
"27","BE",2020-02-03,5,"today 3-m","coronavirus","web",0,"Belgium"
"28","BE",2020-02-04,8,"today 3-m","coronavirus","web",0,"Belgium"
"29","BE",2020-02-05,6,"today 3-m","coronavirus","web",0,"Belgium"
"30","BE",2020-02-06,5,"today 3-m","coronavirus","web",0,"Belgium"
"31","BE",2020-02-07,5,"today 3-m","coronavirus","web",0,"Belgium"
"32","BE",2020-02-08,3,"today 3-m","coronavirus","web",0,"Belgium"
"33","BE",2020-02-09,4,"today 3-m","coronavirus","web",0,"Belgium"
"34","BE",2020-02-10,4,"today 3-m","coronavirus","web",0,"Belgium"
"35","BE",2020-02-11,4,"today 3-m","coronavirus","web",0,"Belgium"
"36","BE",2020-02-12,3,"today 3-m","coronavirus","web",0,"Belgium"
"37","BE",2020-02-13,4,"today 3-m","coronavirus","web",0,"Belgium"
"38","BE",2020-02-14,3,"today 3-m","coronavirus","web",0,"Belgium"
"39","BE",2020-02-15,4,"today 3-m","coronavirus","web",0,"Belgium"
"40","BE",2020-02-16,3,"today 3-m","coronavirus","web",0,"Belgium"
"41","BE",2020-02-17,3,"today 3-m","coronavirus","web",0,"Belgium"
"42","BE",2020-02-18,2,"today 3-m","coronavirus","web",0,"Belgium"
"43","BE",2020-02-19,2,"today 3-m","coronavirus","web",0,"Belgium"
"44","BE",2020-02-20,2,"today 3-m","coronavirus","web",0,"Belgium"
"45","BE",2020-02-21,2,"today 3-m","coronavirus","web",0,"Belgium"
"46","BE",2020-02-22,5,"today 3-m","coronavirus","web",0,"Belgium"
"47","BE",2020-02-23,11,"today 3-m","coronavirus","web",0,"Belgium"
"48","BE",2020-02-24,16,"today 3-m","coronavirus","web",0,"Belgium"
"49","BE",2020-02-25,21,"today 3-m","coronavirus","web",0,"Belgium"
"50","BE",2020-02-26,21,"today 3-m","coronavirus","web",0,"Belgium"
"51","BE",2020-02-27,19,"today 3-m","coronavirus","web",0,"Belgium"
"52","BE",2020-02-28,23,"today 3-m","coronavirus","web",0,"Belgium"
"53","BE",2020-02-29,21,"today 3-m","coronavirus","web",0,"Belgium"
"54","BE",2020-03-01,31,"today 3-m","coronavirus","web",0,"Belgium"
"55","BE",2020-03-02,36,"today 3-m","coronavirus","web",0,"Belgium"
"56","BE",2020-03-03,32,"today 3-m","coronavirus","web",0,"Belgium"
"57","BE",2020-03-04,31,"today 3-m","coronavirus","web",0,"Belgium"
"58","BE",2020-03-05,35,"today 3-m","coronavirus","web",0,"Belgium"
"59","BE",2020-03-06,33,"today 3-m","coronavirus","web",0,"Belgium"
"60","BE",2020-03-07,31,"today 3-m","coronavirus","web",0,"Belgium"
"61","BE",2020-03-08,34,"today 3-m","coronavirus","web",0,"Belgium"
"62","BE",2020-03-09,36,"today 3-m","coronavirus","web",0,"Belgium"
"63","BE",2020-03-10,44,"today 3-m","coronavirus","web",0,"Belgium"
"64","BE",2020-03-11,54,"today 3-m","coronavirus","web",0,"Belgium"
"65","BE",2020-03-12,100,"today 3-m","coronavirus","web",0,"Belgium"
"66","BE",2020-03-13,89,"today 3-m","coronavirus","web",0,"Belgium"
"67","BE",2020-03-14,78,"today 3-m","coronavirus","web",0,"Belgium"
"68","BE",2020-03-15,83,"today 3-m","coronavirus","web",0,"Belgium"
"69","BE",2020-03-16,79,"today 3-m","coronavirus","web",0,"Belgium"
"70","BE",2020-03-17,72,"today 3-m","coronavirus","web",0,"Belgium"
"71","BE",2020-03-18,65,"today 3-m","coronavirus","web",0,"Belgium"
"72","BE",2020-03-19,60,"today 3-m","coronavirus","web",0,"Belgium"
"73","BE",2020-03-20,58,"today 3-m","coronavirus","web",0,"Belgium"
"74","BE",2020-03-21,66,"today 3-m","coronavirus","web",0,"Belgium"
"75","BE",2020-03-22,65,"today 3-m","coronavirus","web",0,"Belgium"
"76","BE",2020-03-23,53,"today 3-m","coronavirus","web",0,"Belgium"
"77","BE",2020-03-24,52,"today 3-m","coronavirus","web",0,"Belgium"
"78","BE",2020-03-25,47,"today 3-m","coronavirus","web",0,"Belgium"
"79","BE",2020-03-26,46,"today 3-m","coronavirus","web",0,"Belgium"
"80","BE",2020-03-27,51,"today 3-m","coronavirus","web",0,"Belgium"
"81","BE",2020-03-28,46,"today 3-m","coronavirus","web",0,"Belgium"
"82","BE",2020-03-29,44,"today 3-m","coronavirus","web",0,"Belgium"
"83","BE",2020-03-30,36,"today 3-m","coronavirus","web",0,"Belgium"
"84","BE",2020-03-31,35,"today 3-m","coronavirus","web",0,"Belgium"
"85","BE",2020-04-01,35,"today 3-m","coronavirus","web",0,"Belgium"
"86","BE",2020-04-02,34,"today 3-m","coronavirus","web",0,"Belgium"
"87","BE",2020-04-03,59,"today 3-m","coronavirus","web",0,"Belgium"
"88","BE",2020-04-04,60,"today 3-m","coronavirus","web",0,"Belgium"
"89","BE",2020-04-05,58,"today 3-m","coronavirus","web",0,"Belgium"
"90","BE",2020-04-06,58,"today 3-m","coronavirus","web",0,"Belgium"
"91","CH",2020-01-08,0,"today 3-m","coronavirus","web",0,"Switzerland"
"92","CH",2020-01-09,0,"today 3-m","coronavirus","web",0,"Switzerland"
"93","CH",2020-01-10,0,"today 3-m","coronavirus","web",0,"Switzerland"
"94","CH",2020-01-11,0,"today 3-m","coronavirus","web",0,"Switzerland"
"95","CH",2020-01-12,0,"today 3-m","coronavirus","web",0,"Switzerland"
"96","CH",2020-01-13,0,"today 3-m","coronavirus","web",0,"Switzerland"
"97","CH",2020-01-14,0,"today 3-m","coronavirus","web",0,"Switzerland"
"98","CH",2020-01-15,0,"today 3-m","coronavirus","web",0,"Switzerland"
"99","CH",2020-01-16,0,"today 3-m","coronavirus","web",0,"Switzerland"
"100","CH",2020-01-17,0,"today 3-m","coronavirus","web",0,"Switzerland"
"101","CH",2020-01-18,0,"today 3-m","coronavirus","web",0,"Switzerland"
"102","CH",2020-01-19,0,"today 3-m","coronavirus","web",0,"Switzerland"
"103","CH",2020-01-20,0,"today 3-m","coronavirus","web",0,"Switzerland"
"104","CH",2020-01-21,1,"today 3-m","coronavirus","web",0,"Switzerland"
"105","CH",2020-01-22,1,"today 3-m","coronavirus","web",0,"Switzerland"
"106","CH",2020-01-23,3,"today 3-m","coronavirus","web",0,"Switzerland"
"107","CH",2020-01-24,5,"today 3-m","coronavirus","web",0,"Switzerland"
"108","CH",2020-01-25,8,"today 3-m","coronavirus","web",0,"Switzerland"
"109","CH",2020-01-26,12,"today 3-m","coronavirus","web",0,"Switzerland"
"110","CH",2020-01-27,12,"today 3-m","coronavirus","web",0,"Switzerland"
"111","CH",2020-01-28,11,"today 3-m","coronavirus","web",0,"Switzerland"
"112","CH",2020-01-29,9,"today 3-m","coronavirus","web",0,"Switzerland"
"113","CH",2020-01-30,10,"today 3-m","coronavirus","web",0,"Switzerland"
"114","CH",2020-01-31,11,"today 3-m","coronavirus","web",0,"Switzerland"
"115","CH",2020-02-01,7,"today 3-m","coronavirus","web",0,"Switzerland"
"116","CH",2020-02-02,7,"today 3-m","coronavirus","web",0,"Switzerland"
"117","CH",2020-02-03,6,"today 3-m","coronavirus","web",0,"Switzerland"
"118","CH",2020-02-04,5,"today 3-m","coronavirus","web",0,"Switzerland"
"119","CH",2020-02-05,5,"today 3-m","coronavirus","web",0,"Switzerland"
"120","CH",2020-02-06,4,"today 3-m","coronavirus","web",0,"Switzerland"
"121","CH",2020-02-07,5,"today 3-m","coronavirus","web",0,"Switzerland"
"122","CH",2020-02-08,6,"today 3-m","coronavirus","web",0,"Switzerland"
"123","CH",2020-02-09,4,"today 3-m","coronavirus","web",0,"Switzerland"
"124","CH",2020-02-10,4,"today 3-m","coronavirus","web",0,"Switzerland"
"125","CH",2020-02-11,4,"today 3-m","coronavirus","web",0,"Switzerland"
"126","CH",2020-02-12,4,"today 3-m","coronavirus","web",0,"Switzerland"
"127","CH",2020-02-13,5,"today 3-m","coronavirus","web",0,"Switzerland"
"128","CH",2020-02-14,4,"today 3-m","coronavirus","web",0,"Switzerland"
"129","CH",2020-02-15,4,"today 3-m","coronavirus","web",0,"Switzerland"
"130","CH",2020-02-16,4,"today 3-m","coronavirus","web",0,"Switzerland"
"131","CH",2020-02-17,3,"today 3-m","coronavirus","web",0,"Switzerland"
"132","CH",2020-02-18,3,"today 3-m","coronavirus","web",0,"Switzerland"
"133","CH",2020-02-19,3,"today 3-m","coronavirus","web",0,"Switzerland"
"134","CH",2020-02-20,2,"today 3-m","coronavirus","web",0,"Switzerland"
"135","CH",2020-02-21,5,"today 3-m","coronavirus","web",0,"Switzerland"
"136","CH",2020-02-22,10,"today 3-m","coronavirus","web",0,"Switzerland"
"137","CH",2020-02-23,22,"today 3-m","coronavirus","web",0,"Switzerland"
"138","CH",2020-02-24,27,"today 3-m","coronavirus","web",0,"Switzerland"
"139","CH",2020-02-25,36,"today 3-m","coronavirus","web",0,"Switzerland"
"140","CH",2020-02-26,36,"today 3-m","coronavirus","web",0,"Switzerland"
"141","CH",2020-02-27,48,"today 3-m","coronavirus","web",0,"Switzerland"
"142","CH",2020-02-28,54,"today 3-m","coronavirus","web",0,"Switzerland"
"143","CH",2020-02-29,44,"today 3-m","coronavirus","web",0,"Switzerland"
"144","CH",2020-03-01,41,"today 3-m","coronavirus","web",0,"Switzerland"
"145","CH",2020-03-02,42,"today 3-m","coronavirus","web",0,"Switzerland"
"146","CH",2020-03-03,36,"today 3-m","coronavirus","web",0,"Switzerland"
"147","CH",2020-03-04,39,"today 3-m","coronavirus","web",0,"Switzerland"
"148","CH",2020-03-05,43,"today 3-m","coronavirus","web",0,"Switzerland"
"149","CH",2020-03-06,41,"today 3-m","coronavirus","web",0,"Switzerland"
"150","CH",2020-03-07,39,"today 3-m","coronavirus","web",0,"Switzerland"
"151","CH",2020-03-08,45,"today 3-m","coronavirus","web",0,"Switzerland"
"152","CH",2020-03-09,46,"today 3-m","coronavirus","web",0,"Switzerland"
"153","CH",2020-03-10,50,"today 3-m","coronavirus","web",0,"Switzerland"
"154","CH",2020-03-11,57,"today 3-m","coronavirus","web",0,"Switzerland"
"155","CH",2020-03-12,73,"today 3-m","coronavirus","web",0,"Switzerland"
"156","CH",2020-03-13,100,"today 3-m","coronavirus","web",0,"Switzerland"
"157","CH",2020-03-14,80,"today 3-m","coronavirus","web",0,"Switzerland"
"158","CH",2020-03-15,95,"today 3-m","coronavirus","web",0,"Switzerland"
"159","CH",2020-03-16,94,"today 3-m","coronavirus","web",0,"Switzerland"
"160","CH",2020-03-17,67,"today 3-m","coronavirus","web",0,"Switzerland"
"161","CH",2020-03-18,66,"today 3-m","coronavirus","web",0,"Switzerland"
"162","CH",2020-03-19,60,"today 3-m","coronavirus","web",0,"Switzerland"
"163","CH",2020-03-20,60,"today 3-m","coronavirus","web",0,"Switzerland"
"164","CH",2020-03-21,59,"today 3-m","coronavirus","web",0,"Switzerland"
"165","CH",2020-03-22,61,"today 3-m","coronavirus","web",0,"Switzerland"
"166","CH",2020-03-23,52,"today 3-m","coronavirus","web",0,"Switzerland"
"167","CH",2020-03-24,46,"today 3-m","coronavirus","web",0,"Switzerland"
"168","CH",2020-03-25,44,"today 3-m","coronavirus","web",0,"Switzerland"
"169","CH",2020-03-26,39,"today 3-m","coronavirus","web",0,"Switzerland"
"170","CH",2020-03-27,39,"today 3-m","coronavirus","web",0,"Switzerland"
"171","CH",2020-03-28,40,"today 3-m","coronavirus","web",0,"Switzerland"
"172","CH",2020-03-29,37,"today 3-m","coronavirus","web",0,"Switzerland"
"173","CH",2020-03-30,32,"today 3-m","coronavirus","web",0,"Switzerland"
"174","CH",2020-03-31,31,"today 3-m","coronavirus","web",0,"Switzerland"
"175","CH",2020-04-01,31,"today 3-m","coronavirus","web",0,"Switzerland"
"176","CH",2020-04-02,34,"today 3-m","coronavirus","web",0,"Switzerland"
"177","CH",2020-04-03,50,"today 3-m","coronavirus","web",0,"Switzerland"
"178","CH",2020-04-04,53,"today 3-m","coronavirus","web",0,"Switzerland"
"179","CH",2020-04-05,49,"today 3-m","coronavirus","web",0,"Switzerland"
"180","CH",2020-04-06,31,"today 3-m","coronavirus","web",0,"Switzerland"
"181","DE",2020-01-08,0,"today 3-m","coronavirus","web",0,"Germany"
"182","DE",2020-01-09,0,"today 3-m","coronavirus","web",0,"Germany"
"183","DE",2020-01-10,0,"today 3-m","coronavirus","web",0,"Germany"
"184","DE",2020-01-11,0,"today 3-m","coronavirus","web",0,"Germany"
"185","DE",2020-01-12,0,"today 3-m","coronavirus","web",0,"Germany"
"186","DE",2020-01-13,0,"today 3-m","coronavirus","web",0,"Germany"
"187","DE",2020-01-14,0,"today 3-m","coronavirus","web",0,"Germany"
"188","DE",2020-01-15,0,"today 3-m","coronavirus","web",0,"Germany"
"189","DE",2020-01-16,0,"today 3-m","coronavirus","web",0,"Germany"
"190","DE",2020-01-17,0,"today 3-m","coronavirus","web",0,"Germany"
"191","DE",2020-01-18,0,"today 3-m","coronavirus","web",0,"Germany"
"192","DE",2020-01-19,0,"today 3-m","coronavirus","web",0,"Germany"
"193","DE",2020-01-20,1,"today 3-m","coronavirus","web",0,"Germany"
"194","DE",2020-01-21,1,"today 3-m","coronavirus","web",0,"Germany"
"195","DE",2020-01-22,3,"today 3-m","coronavirus","web",0,"Germany"
"196","DE",2020-01-23,3,"today 3-m","coronavirus","web",0,"Germany"
"197","DE",2020-01-24,5,"today 3-m","coronavirus","web",0,"Germany"
"198","DE",2020-01-25,10,"today 3-m","coronavirus","web",0,"Germany"
"199","DE",2020-01-26,11,"today 3-m","coronavirus","web",0,"Germany"
"200","DE",2020-01-27,11,"today 3-m","coronavirus","web",0,"Germany"
"201","DE",2020-01-28,25,"today 3-m","coronavirus","web",0,"Germany"
"202","DE",2020-01-29,20,"today 3-m","coronavirus","web",0,"Germany"
"203","DE",2020-01-30,19,"today 3-m","coronavirus","web",0,"Germany"
"204","DE",2020-01-31,17,"today 3-m","coronavirus","web",0,"Germany"
"205","DE",2020-02-01,12,"today 3-m","coronavirus","web",0,"Germany"
"206","DE",2020-02-02,11,"today 3-m","coronavirus","web",0,"Germany"
"207","DE",2020-02-03,9,"today 3-m","coronavirus","web",0,"Germany"
"208","DE",2020-02-04,8,"today 3-m","coronavirus","web",0,"Germany"
"209","DE",2020-02-05,7,"today 3-m","coronavirus","web",0,"Germany"
"210","DE",2020-02-06,7,"today 3-m","coronavirus","web",0,"Germany"
"211","DE",2020-02-07,7,"today 3-m","coronavirus","web",0,"Germany"
"212","DE",2020-02-08,7,"today 3-m","coronavirus","web",0,"Germany"
"213","DE",2020-02-09,5,"today 3-m","coronavirus","web",0,"Germany"
"214","DE",2020-02-10,5,"today 3-m","coronavirus","web",0,"Germany"
"215","DE",2020-02-11,5,"today 3-m","coronavirus","web",0,"Germany"
"216","DE",2020-02-12,5,"today 3-m","coronavirus","web",0,"Germany"
"217","DE",2020-02-13,6,"today 3-m","coronavirus","web",0,"Germany"
"218","DE",2020-02-14,5,"today 3-m","coronavirus","web",0,"Germany"
"219","DE",2020-02-15,5,"today 3-m","coronavirus","web",0,"Germany"
"220","DE",2020-02-16,4,"today 3-m","coronavirus","web",0,"Germany"
"221","DE",2020-02-17,4,"today 3-m","coronavirus","web",0,"Germany"
"222","DE",2020-02-18,4,"today 3-m","coronavirus","web",0,"Germany"
"223","DE",2020-02-19,4,"today 3-m","coronavirus","web",0,"Germany"
"224","DE",2020-02-20,3,"today 3-m","coronavirus","web",0,"Germany"
"225","DE",2020-02-21,4,"today 3-m","coronavirus","web",0,"Germany"
"226","DE",2020-02-22,6,"today 3-m","coronavirus","web",0,"Germany"
"227","DE",2020-02-23,15,"today 3-m","coronavirus","web",0,"Germany"
"228","DE",2020-02-24,18,"today 3-m","coronavirus","web",0,"Germany"
"229","DE",2020-02-25,27,"today 3-m","coronavirus","web",0,"Germany"
"230","DE",2020-02-26,46,"today 3-m","coronavirus","web",0,"Germany"
"231","DE",2020-02-27,50,"today 3-m","coronavirus","web",0,"Germany"
"232","DE",2020-02-28,53,"today 3-m","coronavirus","web",0,"Germany"
"233","DE",2020-02-29,45,"today 3-m","coronavirus","web",0,"Germany"
"234","DE",2020-03-01,42,"today 3-m","coronavirus","web",0,"Germany"
"235","DE",2020-03-02,42,"today 3-m","coronavirus","web",0,"Germany"
"236","DE",2020-03-03,37,"today 3-m","coronavirus","web",0,"Germany"
"237","DE",2020-03-04,35,"today 3-m","coronavirus","web",0,"Germany"
"238","DE",2020-03-05,37,"today 3-m","coronavirus","web",0,"Germany"
"239","DE",2020-03-06,36,"today 3-m","coronavirus","web",0,"Germany"
"240","DE",2020-03-07,34,"today 3-m","coronavirus","web",0,"Germany"
"241","DE",2020-03-08,44,"today 3-m","coronavirus","web",0,"Germany"
"242","DE",2020-03-09,46,"today 3-m","coronavirus","web",0,"Germany"
"243","DE",2020-03-10,52,"today 3-m","coronavirus","web",0,"Germany"
"244","DE",2020-03-11,58,"today 3-m","coronavirus","web",0,"Germany"
"245","DE",2020-03-12,71,"today 3-m","coronavirus","web",0,"Germany"
"246","DE",2020-03-13,82,"today 3-m","coronavirus","web",0,"Germany"
"247","DE",2020-03-14,79,"today 3-m","coronavirus","web",0,"Germany"
"248","DE",2020-03-15,82,"today 3-m","coronavirus","web",0,"Germany"
"249","DE",2020-03-16,72,"today 3-m","coronavirus","web",0,"Germany"
"250","DE",2020-03-17,64,"today 3-m","coronavirus","web",0,"Germany"
"251","DE",2020-03-18,62,"today 3-m","coronavirus","web",0,"Germany"
"252","DE",2020-03-19,54,"today 3-m","coronavirus","web",0,"Germany"
"253","DE",2020-03-20,53,"today 3-m","coronavirus","web",0,"Germany"
"254","DE",2020-03-21,56,"today 3-m","coronavirus","web",0,"Germany"
"255","DE",2020-03-22,100,"today 3-m","coronavirus","web",0,"Germany"
"256","DE",2020-03-23,44,"today 3-m","coronavirus","web",0,"Germany"
"257","DE",2020-03-24,38,"today 3-m","coronavirus","web",0,"Germany"
"258","DE",2020-03-25,35,"today 3-m","coronavirus","web",0,"Germany"
"259","DE",2020-03-26,33,"today 3-m","coronavirus","web",0,"Germany"
"260","DE",2020-03-27,35,"today 3-m","coronavirus","web",0,"Germany"
"261","DE",2020-03-28,37,"today 3-m","coronavirus","web",0,"Germany"
"262","DE",2020-03-29,34,"today 3-m","coronavirus","web",0,"Germany"
"263","DE",2020-03-30,28,"today 3-m","coronavirus","web",0,"Germany"
"264","DE",2020-03-31,27,"today 3-m","coronavirus","web",0,"Germany"
"265","DE",2020-04-01,27,"today 3-m","coronavirus","web",0,"Germany"
"266","DE",2020-04-02,29,"today 3-m","coronavirus","web",0,"Germany"
"267","DE",2020-04-03,59,"today 3-m","coronavirus","web",0,"Germany"
"268","DE",2020-04-04,60,"today 3-m","coronavirus","web",0,"Germany"
"269","DE",2020-04-05,59,"today 3-m","coronavirus","web",0,"Germany"
"270","DE",2020-04-06,36,"today 3-m","coronavirus","web",0,"Germany"
"271","ES",2020-01-08,0,"today 3-m","coronavirus","web",0,"Spain"
"272","ES",2020-01-09,0,"today 3-m","coronavirus","web",0,"Spain"
"273","ES",2020-01-10,0,"today 3-m","coronavirus","web",0,"Spain"
"274","ES",2020-01-11,0,"today 3-m","coronavirus","web",0,"Spain"
"275","ES",2020-01-12,0,"today 3-m","coronavirus","web",0,"Spain"
"276","ES",2020-01-13,0,"today 3-m","coronavirus","web",0,"Spain"
"277","ES",2020-01-14,0,"today 3-m","coronavirus","web",0,"Spain"
"278","ES",2020-01-15,0,"today 3-m","coronavirus","web",0,"Spain"
"279","ES",2020-01-16,0,"today 3-m","coronavirus","web",0,"Spain"
"280","ES",2020-01-17,0,"today 3-m","coronavirus","web",0,"Spain"
"281","ES",2020-01-18,0,"today 3-m","coronavirus","web",0,"Spain"
"282","ES",2020-01-19,0,"today 3-m","coronavirus","web",0,"Spain"
"283","ES",2020-01-20,0,"today 3-m","coronavirus","web",0,"Spain"
"284","ES",2020-01-21,1,"today 3-m","coronavirus","web",0,"Spain"
"285","ES",2020-01-22,1,"today 3-m","coronavirus","web",0,"Spain"
"286","ES",2020-01-23,2,"today 3-m","coronavirus","web",0,"Spain"
"287","ES",2020-01-24,4,"today 3-m","coronavirus","web",0,"Spain"
"288","ES",2020-01-25,4,"today 3-m","coronavirus","web",0,"Spain"
"289","ES",2020-01-26,3,"today 3-m","coronavirus","web",0,"Spain"
"290","ES",2020-01-27,3,"today 3-m","coronavirus","web",0,"Spain"
"291","ES",2020-01-28,6,"today 3-m","coronavirus","web",0,"Spain"
"292","ES",2020-01-29,5,"today 3-m","coronavirus","web",0,"Spain"
"293","ES",2020-01-30,7,"today 3-m","coronavirus","web",0,"Spain"
"294","ES",2020-01-31,9,"today 3-m","coronavirus","web",0,"Spain"
"295","ES",2020-02-01,8,"today 3-m","coronavirus","web",0,"Spain"
"296","ES",2020-02-02,6,"today 3-m","coronavirus","web",0,"Spain"
"297","ES",2020-02-03,4,"today 3-m","coronavirus","web",0,"Spain"
"298","ES",2020-02-04,3,"today 3-m","coronavirus","web",0,"Spain"
"299","ES",2020-02-05,3,"today 3-m","coronavirus","web",0,"Spain"
"300","ES",2020-02-06,3,"today 3-m","coronavirus","web",0,"Spain"
"301","ES",2020-02-07,3,"today 3-m","coronavirus","web",0,"Spain"
"302","ES",2020-02-08,3,"today 3-m","coronavirus","web",0,"Spain"
"303","ES",2020-02-09,4,"today 3-m","coronavirus","web",0,"Spain"
"304","ES",2020-02-10,4,"today 3-m","coronavirus","web",0,"Spain"
"305","ES",2020-02-11,4,"today 3-m","coronavirus","web",0,"Spain"
"306","ES",2020-02-12,4,"today 3-m","coronavirus","web",0,"Spain"
"307","ES",2020-02-13,3,"today 3-m","coronavirus","web",0,"Spain"
"308","ES",2020-02-14,2,"today 3-m","coronavirus","web",0,"Spain"
"309","ES",2020-02-15,2,"today 3-m","coronavirus","web",0,"Spain"
"310","ES",2020-02-16,2,"today 3-m","coronavirus","web",0,"Spain"
"311","ES",2020-02-17,2,"today 3-m","coronavirus","web",0,"Spain"
"312","ES",2020-02-18,2,"today 3-m","coronavirus","web",0,"Spain"
"313","ES",2020-02-19,2,"today 3-m","coronavirus","web",0,"Spain"
"314","ES",2020-02-20,2,"today 3-m","coronavirus","web",0,"Spain"
"315","ES",2020-02-21,3,"today 3-m","coronavirus","web",0,"Spain"
"316","ES",2020-02-22,5,"today 3-m","coronavirus","web",0,"Spain"
"317","ES",2020-02-23,10,"today 3-m","coronavirus","web",0,"Spain"
"318","ES",2020-02-24,18,"today 3-m","coronavirus","web",0,"Spain"
"319","ES",2020-02-25,32,"today 3-m","coronavirus","web",0,"Spain"
"320","ES",2020-02-26,27,"today 3-m","coronavirus","web",0,"Spain"
"321","ES",2020-02-27,21,"today 3-m","coronavirus","web",0,"Spain"
"322","ES",2020-02-28,21,"today 3-m","coronavirus","web",0,"Spain"
"323","ES",2020-02-29,19,"today 3-m","coronavirus","web",0,"Spain"
"324","ES",2020-03-01,18,"today 3-m","coronavirus","web",0,"Spain"
"325","ES",2020-03-02,21,"today 3-m","coronavirus","web",0,"Spain"
"326","ES",2020-03-03,22,"today 3-m","coronavirus","web",0,"Spain"
"327","ES",2020-03-04,25,"today 3-m","coronavirus","web",0,"Spain"
"328","ES",2020-03-05,24,"today 3-m","coronavirus","web",0,"Spain"
"329","ES",2020-03-06,23,"today 3-m","coronavirus","web",0,"Spain"
"330","ES",2020-03-07,23,"today 3-m","coronavirus","web",0,"Spain"
"331","ES",2020-03-08,25,"today 3-m","coronavirus","web",0,"Spain"
"332","ES",2020-03-09,49,"today 3-m","coronavirus","web",0,"Spain"
"333","ES",2020-03-10,69,"today 3-m","coronavirus","web",0,"Spain"
"334","ES",2020-03-11,74,"today 3-m","coronavirus","web",0,"Spain"
"335","ES",2020-03-12,100,"today 3-m","coronavirus","web",0,"Spain"
"336","ES",2020-03-13,97,"today 3-m","coronavirus","web",0,"Spain"
"337","ES",2020-03-14,93,"today 3-m","coronavirus","web",0,"Spain"
"338","ES",2020-03-15,86,"today 3-m","coronavirus","web",0,"Spain"
"339","ES",2020-03-16,70,"today 3-m","coronavirus","web",0,"Spain"
"340","ES",2020-03-17,64,"today 3-m","coronavirus","web",0,"Spain"
"341","ES",2020-03-18,65,"today 3-m","coronavirus","web",0,"Spain"
"342","ES",2020-03-19,62,"today 3-m","coronavirus","web",0,"Spain"
"343","ES",2020-03-20,63,"today 3-m","coronavirus","web",0,"Spain"
"344","ES",2020-03-21,65,"today 3-m","coronavirus","web",0,"Spain"
"345","ES",2020-03-22,66,"today 3-m","coronavirus","web",0,"Spain"
"346","ES",2020-03-23,53,"today 3-m","coronavirus","web",0,"Spain"
"347","ES",2020-03-24,53,"today 3-m","coronavirus","web",0,"Spain"
"348","ES",2020-03-25,52,"today 3-m","coronavirus","web",0,"Spain"
"349","ES",2020-03-26,48,"today 3-m","coronavirus","web",0,"Spain"
"350","ES",2020-03-27,46,"today 3-m","coronavirus","web",0,"Spain"
"351","ES",2020-03-28,50,"today 3-m","coronavirus","web",0,"Spain"
"352","ES",2020-03-29,46,"today 3-m","coronavirus","web",0,"Spain"
"353","ES",2020-03-30,40,"today 3-m","coronavirus","web",0,"Spain"
"354","ES",2020-03-31,37,"today 3-m","coronavirus","web",0,"Spain"
"355","ES",2020-04-01,35,"today 3-m","coronavirus","web",0,"Spain"
"356","ES",2020-04-02,36,"today 3-m","coronavirus","web",0,"Spain"
"357","ES",2020-04-03,41,"today 3-m","coronavirus","web",0,"Spain"
"358","ES",2020-04-04,44,"today 3-m","coronavirus","web",0,"Spain"
"359","ES",2020-04-05,59,"today 3-m","coronavirus","web",0,"Spain"
"360","ES",2020-04-06,36,"today 3-m","coronavirus","web",0,"Spain"
"361","FR",2020-01-08,0,"today 3-m","coronavirus","web",0,"France"
"362","FR",2020-01-09,0,"today 3-m","coronavirus","web",0,"France"
"363","FR",2020-01-10,0,"today 3-m","coronavirus","web",0,"France"
"364","FR",2020-01-11,0,"today 3-m","coronavirus","web",0,"France"
"365","FR",2020-01-12,0,"today 3-m","coronavirus","web",0,"France"
"366","FR",2020-01-13,0,"today 3-m","coronavirus","web",0,"France"
"367","FR",2020-01-14,0,"today 3-m","coronavirus","web",0,"France"
"368","FR",2020-01-15,0,"today 3-m","coronavirus","web",0,"France"
"369","FR",2020-01-16,0,"today 3-m","coronavirus","web",0,"France"
"370","FR",2020-01-17,0,"today 3-m","coronavirus","web",0,"France"
"371","FR",2020-01-18,0,"today 3-m","coronavirus","web",0,"France"
"372","FR",2020-01-19,0,"today 3-m","coronavirus","web",0,"France"
"373","FR",2020-01-20,0,"today 3-m","coronavirus","web",0,"France"
"374","FR",2020-01-21,1,"today 3-m","coronavirus","web",0,"France"
"375","FR",2020-01-22,1,"today 3-m","coronavirus","web",0,"France"
"376","FR",2020-01-23,2,"today 3-m","coronavirus","web",0,"France"
"377","FR",2020-01-24,8,"today 3-m","coronavirus","web",0,"France"
"378","FR",2020-01-25,11,"today 3-m","coronavirus","web",0,"France"
"379","FR",2020-01-26,8,"today 3-m","coronavirus","web",0,"France"
"380","FR",2020-01-27,7,"today 3-m","coronavirus","web",0,"France"
"381","FR",2020-01-28,7,"today 3-m","coronavirus","web",0,"France"
"382","FR",2020-01-29,7,"today 3-m","coronavirus","web",0,"France"
"383","FR",2020-01-30,8,"today 3-m","coronavirus","web",0,"France"
"384","FR",2020-01-31,8,"today 3-m","coronavirus","web",0,"France"
"385","FR",2020-02-01,6,"today 3-m","coronavirus","web",0,"France"
"386","FR",2020-02-02,5,"today 3-m","coronavirus","web",0,"France"
"387","FR",2020-02-03,4,"today 3-m","coronavirus","web",0,"France"
"388","FR",2020-02-04,4,"today 3-m","coronavirus","web",0,"France"
"389","FR",2020-02-05,4,"today 3-m","coronavirus","web",0,"France"
"390","FR",2020-02-06,4,"today 3-m","coronavirus","web",0,"France"
"391","FR",2020-02-07,4,"today 3-m","coronavirus","web",0,"France"
"392","FR",2020-02-08,6,"today 3-m","coronavirus","web",0,"France"
"393","FR",2020-02-09,5,"today 3-m","coronavirus","web",0,"France"
"394","FR",2020-02-10,4,"today 3-m","coronavirus","web",0,"France"
"395","FR",2020-02-11,4,"today 3-m","coronavirus","web",0,"France"
"396","FR",2020-02-12,4,"today 3-m","coronavirus","web",0,"France"
"397","FR",2020-02-13,4,"today 3-m","coronavirus","web",0,"France"
"398","FR",2020-02-14,3,"today 3-m","coronavirus","web",0,"France"
"399","FR",2020-02-15,4,"today 3-m","coronavirus","web",0,"France"
"400","FR",2020-02-16,3,"today 3-m","coronavirus","web",0,"France"
"401","FR",2020-02-17,3,"today 3-m","coronavirus","web",0,"France"
"402","FR",2020-02-18,3,"today 3-m","coronavirus","web",0,"France"
"403","FR",2020-02-19,2,"today 3-m","coronavirus","web",0,"France"
"404","FR",2020-02-20,2,"today 3-m","coronavirus","web",0,"France"
"405","FR",2020-02-21,3,"today 3-m","coronavirus","web",0,"France"
"406","FR",2020-02-22,5,"today 3-m","coronavirus","web",0,"France"
"407","FR",2020-02-23,10,"today 3-m","coronavirus","web",0,"France"
"408","FR",2020-02-24,14,"today 3-m","coronavirus","web",0,"France"
"409","FR",2020-02-25,17,"today 3-m","coronavirus","web",0,"France"
"410","FR",2020-02-26,21,"today 3-m","coronavirus","web",0,"France"
"411","FR",2020-02-27,22,"today 3-m","coronavirus","web",0,"France"
"412","FR",2020-02-28,32,"today 3-m","coronavirus","web",0,"France"
"413","FR",2020-02-29,31,"today 3-m","coronavirus","web",0,"France"
"414","FR",2020-03-01,33,"today 3-m","coronavirus","web",0,"France"
"415","FR",2020-03-02,39,"today 3-m","coronavirus","web",0,"France"
"416","FR",2020-03-03,34,"today 3-m","coronavirus","web",0,"France"
"417","FR",2020-03-04,32,"today 3-m","coronavirus","web",0,"France"
"418","FR",2020-03-05,37,"today 3-m","coronavirus","web",0,"France"
"419","FR",2020-03-06,39,"today 3-m","coronavirus","web",0,"France"
"420","FR",2020-03-07,36,"today 3-m","coronavirus","web",0,"France"
"421","FR",2020-03-08,41,"today 3-m","coronavirus","web",0,"France"
"422","FR",2020-03-09,41,"today 3-m","coronavirus","web",0,"France"
"423","FR",2020-03-10,43,"today 3-m","coronavirus","web",0,"France"
"424","FR",2020-03-11,45,"today 3-m","coronavirus","web",0,"France"
"425","FR",2020-03-12,75,"today 3-m","coronavirus","web",0,"France"
"426","FR",2020-03-13,81,"today 3-m","coronavirus","web",0,"France"
"427","FR",2020-03-14,91,"today 3-m","coronavirus","web",0,"France"
"428","FR",2020-03-15,100,"today 3-m","coronavirus","web",0,"France"
"429","FR",2020-03-16,91,"today 3-m","coronavirus","web",0,"France"
"430","FR",2020-03-17,77,"today 3-m","coronavirus","web",0,"France"
"431","FR",2020-03-18,89,"today 3-m","coronavirus","web",0,"France"
"432","FR",2020-03-19,66,"today 3-m","coronavirus","web",0,"France"
"433","FR",2020-03-20,60,"today 3-m","coronavirus","web",0,"France"
"434","FR",2020-03-21,64,"today 3-m","coronavirus","web",0,"France"
"435","FR",2020-03-22,61,"today 3-m","coronavirus","web",0,"France"
"436","FR",2020-03-23,51,"today 3-m","coronavirus","web",0,"France"
"437","FR",2020-03-24,48,"today 3-m","coronavirus","web",0,"France"
"438","FR",2020-03-25,47,"today 3-m","coronavirus","web",0,"France"
"439","FR",2020-03-26,43,"today 3-m","coronavirus","web",0,"France"
"440","FR",2020-03-27,45,"today 3-m","coronavirus","web",0,"France"
"441","FR",2020-03-28,43,"today 3-m","coronavirus","web",0,"France"
"442","FR",2020-03-29,43,"today 3-m","coronavirus","web",0,"France"
"443","FR",2020-03-30,34,"today 3-m","coronavirus","web",0,"France"
"444","FR",2020-03-31,33,"today 3-m","coronavirus","web",0,"France"
"445","FR",2020-04-01,34,"today 3-m","coronavirus","web",0,"France"
"446","FR",2020-04-02,34,"today 3-m","coronavirus","web",0,"France"
"447","FR",2020-04-03,44,"today 3-m","coronavirus","web",0,"France"
"448","FR",2020-04-04,46,"today 3-m","coronavirus","web",0,"France"
"449","FR",2020-04-05,46,"today 3-m","coronavirus","web",0,"France"
"450","FR",2020-04-06,41,"today 3-m","coronavirus","web",0,"France"
"451","GB",2020-01-08,0,"today 3-m","coronavirus","web",0,"United Kingdom"
"452","GB",2020-01-09,0,"today 3-m","coronavirus","web",0,"United Kingdom"
"453","GB",2020-01-10,0,"today 3-m","coronavirus","web",0,"United Kingdom"
"454","GB",2020-01-11,0,"today 3-m","coronavirus","web",0,"United Kingdom"
"455","GB",2020-01-12,0,"today 3-m","coronavirus","web",0,"United Kingdom"
"456","GB",2020-01-13,0,"today 3-m","coronavirus","web",0,"United Kingdom"
"457","GB",2020-01-14,0,"today 3-m","coronavirus","web",0,"United Kingdom"
"458","GB",2020-01-15,0,"today 3-m","coronavirus","web",0,"United Kingdom"
"459","GB",2020-01-16,0,"today 3-m","coronavirus","web",0,"United Kingdom"
"460","GB",2020-01-17,0,"today 3-m","coronavirus","web",0,"United Kingdom"
"461","GB",2020-01-18,0,"today 3-m","coronavirus","web",0,"United Kingdom"
"462","GB",2020-01-19,0,"today 3-m","coronavirus","web",0,"United Kingdom"
"463","GB",2020-01-20,0,"today 3-m","coronavirus","web",0,"United Kingdom"
"464","GB",2020-01-21,1,"today 3-m","coronavirus","web",0,"United Kingdom"
"465","GB",2020-01-22,2,"today 3-m","coronavirus","web",0,"United Kingdom"
"466","GB",2020-01-23,5,"today 3-m","coronavirus","web",0,"United Kingdom"
"467","GB",2020-01-24,5,"today 3-m","coronavirus","web",0,"United Kingdom"
"468","GB",2020-01-25,5,"today 3-m","coronavirus","web",0,"United Kingdom"
"469","GB",2020-01-26,6,"today 3-m","coronavirus","web",0,"United Kingdom"
"470","GB",2020-01-27,6,"today 3-m","coronavirus","web",0,"United Kingdom"
"471","GB",2020-01-28,7,"today 3-m","coronavirus","web",0,"United Kingdom"
"472","GB",2020-01-29,8,"today 3-m","coronavirus","web",0,"United Kingdom"
"473","GB",2020-01-30,11,"today 3-m","coronavirus","web",0,"United Kingdom"
"474","GB",2020-01-31,18,"today 3-m","coronavirus","web",0,"United Kingdom"
"475","GB",2020-02-01,8,"today 3-m","coronavirus","web",0,"United Kingdom"
"476","GB",2020-02-02,7,"today 3-m","coronavirus","web",0,"United Kingdom"
"477","GB",2020-02-03,6,"today 3-m","coronavirus","web",0,"United Kingdom"
"478","GB",2020-02-04,5,"today 3-m","coronavirus","web",0,"United Kingdom"
"479","GB",2020-02-05,5,"today 3-m","coronavirus","web",0,"United Kingdom"
"480","GB",2020-02-06,7,"today 3-m","coronavirus","web",0,"United Kingdom"
"481","GB",2020-02-07,7,"today 3-m","coronavirus","web",0,"United Kingdom"
"482","GB",2020-02-08,7,"today 3-m","coronavirus","web",0,"United Kingdom"
"483","GB",2020-02-09,6,"today 3-m","coronavirus","web",0,"United Kingdom"
"484","GB",2020-02-10,10,"today 3-m","coronavirus","web",0,"United Kingdom"
"485","GB",2020-02-11,8,"today 3-m","coronavirus","web",0,"United Kingdom"
"486","GB",2020-02-12,8,"today 3-m","coronavirus","web",0,"United Kingdom"
"487","GB",2020-02-13,8,"today 3-m","coronavirus","web",0,"United Kingdom"
"488","GB",2020-02-14,6,"today 3-m","coronavirus","web",0,"United Kingdom"
"489","GB",2020-02-15,4,"today 3-m","coronavirus","web",0,"United Kingdom"
"490","GB",2020-02-16,4,"today 3-m","coronavirus","web",0,"United Kingdom"
"491","GB",2020-02-17,4,"today 3-m","coronavirus","web",0,"United Kingdom"
"492","GB",2020-02-18,4,"today 3-m","coronavirus","web",0,"United Kingdom"
"493","GB",2020-02-19,3,"today 3-m","coronavirus","web",0,"United Kingdom"
"494","GB",2020-02-20,3,"today 3-m","coronavirus","web",0,"United Kingdom"
"495","GB",2020-02-21,3,"today 3-m","coronavirus","web",0,"United Kingdom"
"496","GB",2020-02-22,3,"today 3-m","coronavirus","web",0,"United Kingdom"
"497","GB",2020-02-23,6,"today 3-m","coronavirus","web",0,"United Kingdom"
"498","GB",2020-02-24,9,"today 3-m","coronavirus","web",0,"United Kingdom"
"499","GB",2020-02-25,17,"today 3-m","coronavirus","web",0,"United Kingdom"
"500","GB",2020-02-26,21,"today 3-m","coronavirus","web",0,"United Kingdom"
"501","GB",2020-02-27,20,"today 3-m","coronavirus","web",0,"United Kingdom"
"502","GB",2020-02-28,21,"today 3-m","coronavirus","web",0,"United Kingdom"
"503","GB",2020-02-29,16,"today 3-m","coronavirus","web",0,"United Kingdom"
"504","GB",2020-03-01,20,"today 3-m","coronavirus","web",0,"United Kingdom"
"505","GB",2020-03-02,26,"today 3-m","coronavirus","web",0,"United Kingdom"
"506","GB",2020-03-03,27,"today 3-m","coronavirus","web",0,"United Kingdom"
"507","GB",2020-03-04,33,"today 3-m","coronavirus","web",0,"United Kingdom"
"508","GB",2020-03-05,36,"today 3-m","coronavirus","web",0,"United Kingdom"
"509","GB",2020-03-06,32,"today 3-m","coronavirus","web",0,"United Kingdom"
"510","GB",2020-03-07,28,"today 3-m","coronavirus","web",0,"United Kingdom"
"511","GB",2020-03-08,35,"today 3-m","coronavirus","web",0,"United Kingdom"
"512","GB",2020-03-09,44,"today 3-m","coronavirus","web",0,"United Kingdom"
"513","GB",2020-03-10,51,"today 3-m","coronavirus","web",0,"United Kingdom"
"514","GB",2020-03-11,60,"today 3-m","coronavirus","web",0,"United Kingdom"
"515","GB",2020-03-12,93,"today 3-m","coronavirus","web",0,"United Kingdom"
"516","GB",2020-03-13,85,"today 3-m","coronavirus","web",0,"United Kingdom"
"517","GB",2020-03-14,85,"today 3-m","coronavirus","web",0,"United Kingdom"
"518","GB",2020-03-15,92,"today 3-m","coronavirus","web",0,"United Kingdom"
"519","GB",2020-03-16,100,"today 3-m","coronavirus","web",0,"United Kingdom"
"520","GB",2020-03-17,97,"today 3-m","coronavirus","web",0,"United Kingdom"
"521","GB",2020-03-18,91,"today 3-m","coronavirus","web",0,"United Kingdom"
"522","GB",2020-03-19,79,"today 3-m","coronavirus","web",0,"United Kingdom"
"523","GB",2020-03-20,75,"today 3-m","coronavirus","web",0,"United Kingdom"
"524","GB",2020-03-21,75,"today 3-m","coronavirus","web",0,"United Kingdom"
"525","GB",2020-03-22,82,"today 3-m","coronavirus","web",0,"United Kingdom"
"526","GB",2020-03-23,80,"today 3-m","coronavirus","web",0,"United Kingdom"
"527","GB",2020-03-24,72,"today 3-m","coronavirus","web",0,"United Kingdom"
"528","GB",2020-03-25,73,"today 3-m","coronavirus","web",0,"United Kingdom"
"529","GB",2020-03-26,68,"today 3-m","coronavirus","web",0,"United Kingdom"
"530","GB",2020-03-27,64,"today 3-m","coronavirus","web",0,"United Kingdom"
"531","GB",2020-03-28,62,"today 3-m","coronavirus","web",0,"United Kingdom"
"532","GB",2020-03-29,63,"today 3-m","coronavirus","web",0,"United Kingdom"
"533","GB",2020-03-30,51,"today 3-m","coronavirus","web",0,"United Kingdom"
"534","GB",2020-03-31,49,"today 3-m","coronavirus","web",0,"United Kingdom"
"535","GB",2020-04-01,47,"today 3-m","coronavirus","web",0,"United Kingdom"
"536","GB",2020-04-02,47,"today 3-m","coronavirus","web",0,"United Kingdom"
"537","GB",2020-04-03,44,"today 3-m","coronavirus","web",0,"United Kingdom"
"538","GB",2020-04-04,60,"today 3-m","coronavirus","web",0,"United Kingdom"
"539","GB",2020-04-05,62,"today 3-m","coronavirus","web",0,"United Kingdom"
"540","GB",2020-04-06,49,"today 3-m","coronavirus","web",0,"United Kingdom"
"541","HU",2020-01-08,0,"today 3-m","coronavirus","web",0,"Hungary"
"542","HU",2020-01-09,0,"today 3-m","coronavirus","web",0,"Hungary"
"543","HU",2020-01-10,0,"today 3-m","coronavirus","web",0,"Hungary"
"544","HU",2020-01-11,0,"today 3-m","coronavirus","web",0,"Hungary"
"545","HU",2020-01-12,0,"today 3-m","coronavirus","web",0,"Hungary"
"546","HU",2020-01-13,0,"today 3-m","coronavirus","web",0,"Hungary"
"547","HU",2020-01-14,0,"today 3-m","coronavirus","web",0,"Hungary"
"548","HU",2020-01-15,0,"today 3-m","coronavirus","web",0,"Hungary"
"549","HU",2020-01-16,0,"today 3-m","coronavirus","web",0,"Hungary"
"550","HU",2020-01-17,0,"today 3-m","coronavirus","web",0,"Hungary"
"551","HU",2020-01-18,0,"today 3-m","coronavirus","web",0,"Hungary"
"552","HU",2020-01-19,0,"today 3-m","coronavirus","web",0,"Hungary"
"553","HU",2020-01-20,0,"today 3-m","coronavirus","web",0,"Hungary"
"554","HU",2020-01-21,1,"today 3-m","coronavirus","web",0,"Hungary"
"555","HU",2020-01-22,1,"today 3-m","coronavirus","web",0,"Hungary"
"556","HU",2020-01-23,7,"today 3-m","coronavirus","web",0,"Hungary"
"557","HU",2020-01-24,9,"today 3-m","coronavirus","web",0,"Hungary"
"558","HU",2020-01-25,17,"today 3-m","coronavirus","web",0,"Hungary"
"559","HU",2020-01-26,19,"today 3-m","coronavirus","web",0,"Hungary"
"560","HU",2020-01-27,23,"today 3-m","coronavirus","web",0,"Hungary"
"561","HU",2020-01-28,27,"today 3-m","coronavirus","web",0,"Hungary"
"562","HU",2020-01-29,46,"today 3-m","coronavirus","web",0,"Hungary"
"563","HU",2020-01-30,34,"today 3-m","coronavirus","web",0,"Hungary"
"564","HU",2020-01-31,28,"today 3-m","coronavirus","web",0,"Hungary"
"565","HU",2020-02-01,23,"today 3-m","coronavirus","web",0,"Hungary"
"566","HU",2020-02-02,24,"today 3-m","coronavirus","web",0,"Hungary"
"567","HU",2020-02-03,16,"today 3-m","coronavirus","web",0,"Hungary"
"568","HU",2020-02-04,13,"today 3-m","coronavirus","web",0,"Hungary"
"569","HU",2020-02-05,9,"today 3-m","coronavirus","web",0,"Hungary"
"570","HU",2020-02-06,11,"today 3-m","coronavirus","web",0,"Hungary"
"571","HU",2020-02-07,9,"today 3-m","coronavirus","web",0,"Hungary"
"572","HU",2020-02-08,8,"today 3-m","coronavirus","web",0,"Hungary"
"573","HU",2020-02-09,7,"today 3-m","coronavirus","web",0,"Hungary"
"574","HU",2020-02-10,8,"today 3-m","coronavirus","web",0,"Hungary"
"575","HU",2020-02-11,10,"today 3-m","coronavirus","web",0,"Hungary"
"576","HU",2020-02-12,7,"today 3-m","coronavirus","web",0,"Hungary"
"577","HU",2020-02-13,9,"today 3-m","coronavirus","web",0,"Hungary"
"578","HU",2020-02-14,7,"today 3-m","coronavirus","web",0,"Hungary"
"579","HU",2020-02-15,4,"today 3-m","coronavirus","web",0,"Hungary"
"580","HU",2020-02-16,6,"today 3-m","coronavirus","web",0,"Hungary"
"581","HU",2020-02-17,6,"today 3-m","coronavirus","web",0,"Hungary"
"582","HU",2020-02-18,7,"today 3-m","coronavirus","web",0,"Hungary"
"583","HU",2020-02-19,4,"today 3-m","coronavirus","web",0,"Hungary"
"584","HU",2020-02-20,3,"today 3-m","coronavirus","web",0,"Hungary"
"585","HU",2020-02-21,5,"today 3-m","coronavirus","web",0,"Hungary"
"586","HU",2020-02-22,12,"today 3-m","coronavirus","web",0,"Hungary"
"587","HU",2020-02-23,25,"today 3-m","coronavirus","web",0,"Hungary"
"588","HU",2020-02-24,33,"today 3-m","coronavirus","web",0,"Hungary"
"589","HU",2020-02-25,38,"today 3-m","coronavirus","web",0,"Hungary"
"590","HU",2020-02-26,45,"today 3-m","coronavirus","web",0,"Hungary"
"591","HU",2020-02-27,37,"today 3-m","coronavirus","web",0,"Hungary"
"592","HU",2020-02-28,35,"today 3-m","coronavirus","web",0,"Hungary"
"593","HU",2020-02-29,27,"today 3-m","coronavirus","web",0,"Hungary"
"594","HU",2020-03-01,23,"today 3-m","coronavirus","web",0,"Hungary"
"595","HU",2020-03-02,27,"today 3-m","coronavirus","web",0,"Hungary"
"596","HU",2020-03-03,22,"today 3-m","coronavirus","web",0,"Hungary"
"597","HU",2020-03-04,42,"today 3-m","coronavirus","web",0,"Hungary"
"598","HU",2020-03-05,40,"today 3-m","coronavirus","web",0,"Hungary"
"599","HU",2020-03-06,38,"today 3-m","coronavirus","web",0,"Hungary"
"600","HU",2020-03-07,29,"today 3-m","coronavirus","web",0,"Hungary"
"601","HU",2020-03-08,40,"today 3-m","coronavirus","web",0,"Hungary"
"602","HU",2020-03-09,50,"today 3-m","coronavirus","web",0,"Hungary"
"603","HU",2020-03-10,59,"today 3-m","coronavirus","web",0,"Hungary"
"604","HU",2020-03-11,85,"today 3-m","coronavirus","web",0,"Hungary"
"605","HU",2020-03-12,91,"today 3-m","coronavirus","web",0,"Hungary"
"606","HU",2020-03-13,100,"today 3-m","coronavirus","web",0,"Hungary"
"607","HU",2020-03-14,85,"today 3-m","coronavirus","web",0,"Hungary"
"608","HU",2020-03-15,90,"today 3-m","coronavirus","web",0,"Hungary"
"609","HU",2020-03-16,82,"today 3-m","coronavirus","web",0,"Hungary"
"610","HU",2020-03-17,69,"today 3-m","coronavirus","web",0,"Hungary"
"611","HU",2020-03-18,63,"today 3-m","coronavirus","web",0,"Hungary"
"612","HU",2020-03-19,67,"today 3-m","coronavirus","web",0,"Hungary"
"613","HU",2020-03-20,68,"today 3-m","coronavirus","web",0,"Hungary"
"614","HU",2020-03-21,62,"today 3-m","coronavirus","web",0,"Hungary"
"615","HU",2020-03-22,66,"today 3-m","coronavirus","web",0,"Hungary"
"616","HU",2020-03-23,52,"today 3-m","coronavirus","web",0,"Hungary"
"617","HU",2020-03-24,49,"today 3-m","coronavirus","web",0,"Hungary"
"618","HU",2020-03-25,54,"today 3-m","coronavirus","web",0,"Hungary"
"619","HU",2020-03-26,50,"today 3-m","coronavirus","web",0,"Hungary"
"620","HU",2020-03-27,63,"today 3-m","coronavirus","web",0,"Hungary"
"621","HU",2020-03-28,71,"today 3-m","coronavirus","web",0,"Hungary"
"622","HU",2020-03-29,66,"today 3-m","coronavirus","web",0,"Hungary"
"623","HU",2020-03-30,56,"today 3-m","coronavirus","web",0,"Hungary"
"624","HU",2020-03-31,56,"today 3-m","coronavirus","web",0,"Hungary"
"625","HU",2020-04-01,50,"today 3-m","coronavirus","web",0,"Hungary"
"626","HU",2020-04-02,49,"today 3-m","coronavirus","web",0,"Hungary"
"627","HU",2020-04-03,44,"today 3-m","coronavirus","web",0,"Hungary"
"628","HU",2020-04-04,47,"today 3-m","coronavirus","web",0,"Hungary"
"629","HU",2020-04-05,52,"today 3-m","coronavirus","web",0,"Hungary"
"630","HU",2020-04-06,49,"today 3-m","coronavirus","web",0,"Hungary"
"631","IR",2020-01-08,0,"today 3-m","coronavirus","web",0,"Ireland"
"632","IR",2020-01-09,0,"today 3-m","coronavirus","web",0,"Ireland"
"633","IR",2020-01-10,0,"today 3-m","coronavirus","web",0,"Ireland"
"634","IR",2020-01-11,0,"today 3-m","coronavirus","web",0,"Ireland"
"635","IR",2020-01-12,0,"today 3-m","coronavirus","web",0,"Ireland"
"636","IR",2020-01-13,0,"today 3-m","coronavirus","web",0,"Ireland"
"637","IR",2020-01-14,0,"today 3-m","coronavirus","web",0,"Ireland"
"638","IR",2020-01-15,0,"today 3-m","coronavirus","web",0,"Ireland"
"639","IR",2020-01-16,0,"today 3-m","coronavirus","web",0,"Ireland"
"640","IR",2020-01-17,0,"today 3-m","coronavirus","web",0,"Ireland"
"641","IR",2020-01-18,0,"today 3-m","coronavirus","web",0,"Ireland"
"642","IR",2020-01-19,1,"today 3-m","coronavirus","web",0,"Ireland"
"643","IR",2020-01-20,1,"today 3-m","coronavirus","web",0,"Ireland"
"644","IR",2020-01-21,1,"today 3-m","coronavirus","web",0,"Ireland"
"645","IR",2020-01-22,1,"today 3-m","coronavirus","web",0,"Ireland"
"646","IR",2020-01-23,1,"today 3-m","coronavirus","web",0,"Ireland"
"647","IR",2020-01-24,5,"today 3-m","coronavirus","web",0,"Ireland"
"648","IR",2020-01-25,5,"today 3-m","coronavirus","web",0,"Ireland"
"649","IR",2020-01-26,7,"today 3-m","coronavirus","web",0,"Ireland"
"650","IR",2020-01-27,3,"today 3-m","coronavirus","web",0,"Ireland"
"651","IR",2020-01-28,4,"today 3-m","coronavirus","web",0,"Ireland"
"652","IR",2020-01-29,7,"today 3-m","coronavirus","web",0,"Ireland"
"653","IR",2020-01-30,8,"today 3-m","coronavirus","web",0,"Ireland"
"654","IR",2020-01-31,12,"today 3-m","coronavirus","web",0,"Ireland"
"655","IR",2020-02-01,10,"today 3-m","coronavirus","web",0,"Ireland"
"656","IR",2020-02-02,6,"today 3-m","coronavirus","web",0,"Ireland"
"657","IR",2020-02-03,10,"today 3-m","coronavirus","web",0,"Ireland"
"658","IR",2020-02-04,4,"today 3-m","coronavirus","web",0,"Ireland"
"659","IR",2020-02-05,5,"today 3-m","coronavirus","web",0,"Ireland"
"660","IR",2020-02-06,4,"today 3-m","coronavirus","web",0,"Ireland"
"661","IR",2020-02-07,7,"today 3-m","coronavirus","web",0,"Ireland"
"662","IR",2020-02-08,6,"today 3-m","coronavirus","web",0,"Ireland"
"663","IR",2020-02-09,2,"today 3-m","coronavirus","web",0,"Ireland"
"664","IR",2020-02-10,3,"today 3-m","coronavirus","web",0,"Ireland"
"665","IR",2020-02-11,4,"today 3-m","coronavirus","web",0,"Ireland"
"666","IR",2020-02-12,3,"today 3-m","coronavirus","web",0,"Ireland"
"667","IR",2020-02-13,3,"today 3-m","coronavirus","web",0,"Ireland"
"668","IR",2020-02-14,2,"today 3-m","coronavirus","web",0,"Ireland"
"669","IR",2020-02-15,4,"today 3-m","coronavirus","web",0,"Ireland"
"670","IR",2020-02-16,2,"today 3-m","coronavirus","web",0,"Ireland"
"671","IR",2020-02-17,4,"today 3-m","coronavirus","web",0,"Ireland"
"672","IR",2020-02-18,3,"today 3-m","coronavirus","web",0,"Ireland"
"673","IR",2020-02-19,11,"today 3-m","coronavirus","web",0,"Ireland"
"674","IR",2020-02-20,36,"today 3-m","coronavirus","web",0,"Ireland"
"675","IR",2020-02-21,39,"today 3-m","coronavirus","web",0,"Ireland"
"676","IR",2020-02-22,39,"today 3-m","coronavirus","web",0,"Ireland"
"677","IR",2020-02-23,47,"today 3-m","coronavirus","web",0,"Ireland"
"678","IR",2020-02-24,59,"today 3-m","coronavirus","web",0,"Ireland"
"679","IR",2020-02-25,49,"today 3-m","coronavirus","web",0,"Ireland"
"680","IR",2020-02-26,41,"today 3-m","coronavirus","web",0,"Ireland"
"681","IR",2020-02-27,40,"today 3-m","coronavirus","web",0,"Ireland"
"682","IR",2020-02-28,41,"today 3-m","coronavirus","web",0,"Ireland"
"683","IR",2020-02-29,40,"today 3-m","coronavirus","web",0,"Ireland"
"684","IR",2020-03-01,38,"today 3-m","coronavirus","web",0,"Ireland"
"685","IR",2020-03-02,37,"today 3-m","coronavirus","web",0,"Ireland"
"686","IR",2020-03-03,35,"today 3-m","coronavirus","web",0,"Ireland"
"687","IR",2020-03-04,29,"today 3-m","coronavirus","web",0,"Ireland"
"688","IR",2020-03-05,34,"today 3-m","coronavirus","web",0,"Ireland"
"689","IR",2020-03-06,35,"today 3-m","coronavirus","web",0,"Ireland"
"690","IR",2020-03-07,36,"today 3-m","coronavirus","web",0,"Ireland"
"691","IR",2020-03-08,29,"today 3-m","coronavirus","web",0,"Ireland"
"692","IR",2020-03-09,42,"today 3-m","coronavirus","web",0,"Ireland"
"693","IR",2020-03-10,43,"today 3-m","coronavirus","web",0,"Ireland"
"694","IR",2020-03-11,40,"today 3-m","coronavirus","web",0,"Ireland"
"695","IR",2020-03-12,44,"today 3-m","coronavirus","web",0,"Ireland"
"696","IR",2020-03-13,51,"today 3-m","coronavirus","web",0,"Ireland"
"697","IR",2020-03-14,41,"today 3-m","coronavirus","web",0,"Ireland"
"698","IR",2020-03-15,39,"today 3-m","coronavirus","web",0,"Ireland"
"699","IR",2020-03-16,37,"today 3-m","coronavirus","web",0,"Ireland"
"700","IR",2020-03-17,30,"today 3-m","coronavirus","web",0,"Ireland"
"701","IR",2020-03-18,32,"today 3-m","coronavirus","web",0,"Ireland"
"702","IR",2020-03-19,33,"today 3-m","coronavirus","web",0,"Ireland"
"703","IR",2020-03-20,39,"today 3-m","coronavirus","web",0,"Ireland"
"704","IR",2020-03-21,49,"today 3-m","coronavirus","web",0,"Ireland"
"705","IR",2020-03-22,48,"today 3-m","coronavirus","web",0,"Ireland"
"706","IR",2020-03-23,56,"today 3-m","coronavirus","web",0,"Ireland"
"707","IR",2020-03-24,55,"today 3-m","coronavirus","web",0,"Ireland"
"708","IR",2020-03-25,61,"today 3-m","coronavirus","web",0,"Ireland"
"709","IR",2020-03-26,56,"today 3-m","coronavirus","web",0,"Ireland"
"710","IR",2020-03-27,87,"today 3-m","coronavirus","web",0,"Ireland"
"711","IR",2020-03-28,97,"today 3-m","coronavirus","web",0,"Ireland"
"712","IR",2020-03-29,98,"today 3-m","coronavirus","web",0,"Ireland"
"713","IR",2020-03-30,86,"today 3-m","coronavirus","web",0,"Ireland"
"714","IR",2020-03-31,75,"today 3-m","coronavirus","web",0,"Ireland"
"715","IR",2020-04-01,80,"today 3-m","coronavirus","web",0,"Ireland"
"716","IR",2020-04-02,76,"today 3-m","coronavirus","web",0,"Ireland"
"717","IR",2020-04-03,98,"today 3-m","coronavirus","web",0,"Ireland"
"718","IR",2020-04-04,100,"today 3-m","coronavirus","web",0,"Ireland"
"719","IR",2020-04-05,87,"today 3-m","coronavirus","web",0,"Ireland"
"720","IR",2020-04-06,75,"today 3-m","coronavirus","web",0,"Ireland"
"721","IT",2020-01-08,0,"today 3-m","coronavirus","web",0,"Italy"
"722","IT",2020-01-09,0,"today 3-m","coronavirus","web",0,"Italy"
"723","IT",2020-01-10,0,"today 3-m","coronavirus","web",0,"Italy"
"724","IT",2020-01-11,0,"today 3-m","coronavirus","web",0,"Italy"
"725","IT",2020-01-12,0,"today 3-m","coronavirus","web",0,"Italy"
"726","IT",2020-01-13,0,"today 3-m","coronavirus","web",0,"Italy"
"727","IT",2020-01-14,0,"today 3-m","coronavirus","web",0,"Italy"
"728","IT",2020-01-15,0,"today 3-m","coronavirus","web",0,"Italy"
"729","IT",2020-01-16,0,"today 3-m","coronavirus","web",0,"Italy"
"730","IT",2020-01-17,0,"today 3-m","coronavirus","web",0,"Italy"
"731","IT",2020-01-18,0,"today 3-m","coronavirus","web",0,"Italy"
"732","IT",2020-01-19,0,"today 3-m","coronavirus","web",0,"Italy"
"733","IT",2020-01-20,0,"today 3-m","coronavirus","web",0,"Italy"
"734","IT",2020-01-21,0,"today 3-m","coronavirus","web",0,"Italy"
"735","IT",2020-01-22,1,"today 3-m","coronavirus","web",0,"Italy"
"736","IT",2020-01-23,2,"today 3-m","coronavirus","web",0,"Italy"
"737","IT",2020-01-24,2,"today 3-m","coronavirus","web",0,"Italy"
"738","IT",2020-01-25,3,"today 3-m","coronavirus","web",0,"Italy"
"739","IT",2020-01-26,4,"today 3-m","coronavirus","web",0,"Italy"
"740","IT",2020-01-27,4,"today 3-m","coronavirus","web",0,"Italy"
"741","IT",2020-01-28,8,"today 3-m","coronavirus","web",0,"Italy"
"742","IT",2020-01-29,7,"today 3-m","coronavirus","web",0,"Italy"
"743","IT",2020-01-30,15,"today 3-m","coronavirus","web",0,"Italy"
"744","IT",2020-01-31,23,"today 3-m","coronavirus","web",0,"Italy"
"745","IT",2020-02-01,12,"today 3-m","coronavirus","web",0,"Italy"
"746","IT",2020-02-02,8,"today 3-m","coronavirus","web",0,"Italy"
"747","IT",2020-02-03,6,"today 3-m","coronavirus","web",0,"Italy"
"748","IT",2020-02-04,5,"today 3-m","coronavirus","web",0,"Italy"
"749","IT",2020-02-05,4,"today 3-m","coronavirus","web",0,"Italy"
"750","IT",2020-02-06,4,"today 3-m","coronavirus","web",0,"Italy"
"751","IT",2020-02-07,4,"today 3-m","coronavirus","web",0,"Italy"
"752","IT",2020-02-08,4,"today 3-m","coronavirus","web",0,"Italy"
"753","IT",2020-02-09,4,"today 3-m","coronavirus","web",0,"Italy"
"754","IT",2020-02-10,4,"today 3-m","coronavirus","web",0,"Italy"
"755","IT",2020-02-11,5,"today 3-m","coronavirus","web",0,"Italy"
"756","IT",2020-02-12,4,"today 3-m","coronavirus","web",0,"Italy"
"757","IT",2020-02-13,4,"today 3-m","coronavirus","web",0,"Italy"
"758","IT",2020-02-14,4,"today 3-m","coronavirus","web",0,"Italy"
"759","IT",2020-02-15,4,"today 3-m","coronavirus","web",0,"Italy"
"760","IT",2020-02-16,3,"today 3-m","coronavirus","web",0,"Italy"
"761","IT",2020-02-17,3,"today 3-m","coronavirus","web",0,"Italy"
"762","IT",2020-02-18,3,"today 3-m","coronavirus","web",0,"Italy"
"763","IT",2020-02-19,3,"today 3-m","coronavirus","web",0,"Italy"
"764","IT",2020-02-20,2,"today 3-m","coronavirus","web",0,"Italy"
"765","IT",2020-02-21,35,"today 3-m","coronavirus","web",0,"Italy"
"766","IT",2020-02-22,75,"today 3-m","coronavirus","web",0,"Italy"
"767","IT",2020-02-23,100,"today 3-m","coronavirus","web",0,"Italy"
"768","IT",2020-02-24,92,"today 3-m","coronavirus","web",0,"Italy"
"769","IT",2020-02-25,75,"today 3-m","coronavirus","web",0,"Italy"
"770","IT",2020-02-26,59,"today 3-m","coronavirus","web",0,"Italy"
"771","IT",2020-02-27,50,"today 3-m","coronavirus","web",0,"Italy"
"772","IT",2020-02-28,42,"today 3-m","coronavirus","web",0,"Italy"
"773","IT",2020-02-29,43,"today 3-m","coronavirus","web",0,"Italy"
"774","IT",2020-03-01,40,"today 3-m","coronavirus","web",0,"Italy"
"775","IT",2020-03-02,41,"today 3-m","coronavirus","web",0,"Italy"
"776","IT",2020-03-03,42,"today 3-m","coronavirus","web",0,"Italy"
"777","IT",2020-03-04,61,"today 3-m","coronavirus","web",0,"Italy"
"778","IT",2020-03-05,54,"today 3-m","coronavirus","web",0,"Italy"
"779","IT",2020-03-06,58,"today 3-m","coronavirus","web",0,"Italy"
"780","IT",2020-03-07,71,"today 3-m","coronavirus","web",0,"Italy"
"781","IT",2020-03-08,79,"today 3-m","coronavirus","web",0,"Italy"
"782","IT",2020-03-09,82,"today 3-m","coronavirus","web",0,"Italy"
"783","IT",2020-03-10,77,"today 3-m","coronavirus","web",0,"Italy"
"784","IT",2020-03-11,81,"today 3-m","coronavirus","web",0,"Italy"
"785","IT",2020-03-12,73,"today 3-m","coronavirus","web",0,"Italy"
"786","IT",2020-03-13,66,"today 3-m","coronavirus","web",0,"Italy"
"787","IT",2020-03-14,65,"today 3-m","coronavirus","web",0,"Italy"
"788","IT",2020-03-15,69,"today 3-m","coronavirus","web",0,"Italy"
"789","IT",2020-03-16,58,"today 3-m","coronavirus","web",0,"Italy"
"790","IT",2020-03-17,56,"today 3-m","coronavirus","web",0,"Italy"
"791","IT",2020-03-18,56,"today 3-m","coronavirus","web",0,"Italy"
"792","IT",2020-03-19,58,"today 3-m","coronavirus","web",0,"Italy"
"793","IT",2020-03-20,58,"today 3-m","coronavirus","web",0,"Italy"
"794","IT",2020-03-21,61,"today 3-m","coronavirus","web",0,"Italy"
"795","IT",2020-03-22,59,"today 3-m","coronavirus","web",0,"Italy"
"796","IT",2020-03-23,50,"today 3-m","coronavirus","web",0,"Italy"
"797","IT",2020-03-24,47,"today 3-m","coronavirus","web",0,"Italy"
"798","IT",2020-03-25,44,"today 3-m","coronavirus","web",0,"Italy"
"799","IT",2020-03-26,44,"today 3-m","coronavirus","web",0,"Italy"
"800","IT",2020-03-27,45,"today 3-m","coronavirus","web",0,"Italy"
"801","IT",2020-03-28,43,"today 3-m","coronavirus","web",0,"Italy"
"802","IT",2020-03-29,41,"today 3-m","coronavirus","web",0,"Italy"
"803","IT",2020-03-30,36,"today 3-m","coronavirus","web",0,"Italy"
"804","IT",2020-03-31,33,"today 3-m","coronavirus","web",0,"Italy"
"805","IT",2020-04-01,31,"today 3-m","coronavirus","web",0,"Italy"
"806","IT",2020-04-02,31,"today 3-m","coronavirus","web",0,"Italy"
"807","IT",2020-04-03,36,"today 3-m","coronavirus","web",0,"Italy"
"808","IT",2020-04-04,46,"today 3-m","coronavirus","web",0,"Italy"
"809","IT",2020-04-05,45,"today 3-m","coronavirus","web",0,"Italy"
"810","IT",2020-04-06,32,"today 3-m","coronavirus","web",0,"Italy"
"811","NL",2020-01-08,0,"today 3-m","coronavirus","web",0,"Netherlands"
"812","NL",2020-01-09,0,"today 3-m","coronavirus","web",0,"Netherlands"
"813","NL",2020-01-10,0,"today 3-m","coronavirus","web",0,"Netherlands"
"814","NL",2020-01-11,0,"today 3-m","coronavirus","web",0,"Netherlands"
"815","NL",2020-01-12,0,"today 3-m","coronavirus","web",0,"Netherlands"
"816","NL",2020-01-13,0,"today 3-m","coronavirus","web",0,"Netherlands"
"817","NL",2020-01-14,0,"today 3-m","coronavirus","web",0,"Netherlands"
"818","NL",2020-01-15,0,"today 3-m","coronavirus","web",0,"Netherlands"
"819","NL",2020-01-16,0,"today 3-m","coronavirus","web",0,"Netherlands"
"820","NL",2020-01-17,0,"today 3-m","coronavirus","web",0,"Netherlands"
"821","NL",2020-01-18,1,"today 3-m","coronavirus","web",0,"Netherlands"
"822","NL",2020-01-19,0,"today 3-m","coronavirus","web",0,"Netherlands"
"823","NL",2020-01-20,1,"today 3-m","coronavirus","web",0,"Netherlands"
"824","NL",2020-01-21,4,"today 3-m","coronavirus","web",0,"Netherlands"
"825","NL",2020-01-22,3,"today 3-m","coronavirus","web",0,"Netherlands"
"826","NL",2020-01-23,5,"today 3-m","coronavirus","web",0,"Netherlands"
"827","NL",2020-01-24,16,"today 3-m","coronavirus","web",0,"Netherlands"
"828","NL",2020-01-25,22,"today 3-m","coronavirus","web",0,"Netherlands"
"829","NL",2020-01-26,16,"today 3-m","coronavirus","web",0,"Netherlands"
"830","NL",2020-01-27,18,"today 3-m","coronavirus","web",0,"Netherlands"
"831","NL",2020-01-28,26,"today 3-m","coronavirus","web",0,"Netherlands"
"832","NL",2020-01-29,19,"today 3-m","coronavirus","web",0,"Netherlands"
"833","NL",2020-01-30,17,"today 3-m","coronavirus","web",0,"Netherlands"
"834","NL",2020-01-31,18,"today 3-m","coronavirus","web",0,"Netherlands"
"835","NL",2020-02-01,12,"today 3-m","coronavirus","web",0,"Netherlands"
"836","NL",2020-02-02,12,"today 3-m","coronavirus","web",0,"Netherlands"
"837","NL",2020-02-03,10,"today 3-m","coronavirus","web",0,"Netherlands"
"838","NL",2020-02-04,10,"today 3-m","coronavirus","web",0,"Netherlands"
"839","NL",2020-02-05,9,"today 3-m","coronavirus","web",0,"Netherlands"
"840","NL",2020-02-06,9,"today 3-m","coronavirus","web",0,"Netherlands"
"841","NL",2020-02-07,8,"today 3-m","coronavirus","web",0,"Netherlands"
"842","NL",2020-02-08,7,"today 3-m","coronavirus","web",0,"Netherlands"
"843","NL",2020-02-09,7,"today 3-m","coronavirus","web",0,"Netherlands"
"844","NL",2020-02-10,6,"today 3-m","coronavirus","web",0,"Netherlands"
"845","NL",2020-02-11,6,"today 3-m","coronavirus","web",0,"Netherlands"
"846","NL",2020-02-12,6,"today 3-m","coronavirus","web",0,"Netherlands"
"847","NL",2020-02-13,6,"today 3-m","coronavirus","web",0,"Netherlands"
"848","NL",2020-02-14,5,"today 3-m","coronavirus","web",0,"Netherlands"
"849","NL",2020-02-15,6,"today 3-m","coronavirus","web",0,"Netherlands"
"850","NL",2020-02-16,5,"today 3-m","coronavirus","web",0,"Netherlands"
"851","NL",2020-02-17,5,"today 3-m","coronavirus","web",0,"Netherlands"
"852","NL",2020-02-18,3,"today 3-m","coronavirus","web",0,"Netherlands"
"853","NL",2020-02-19,4,"today 3-m","coronavirus","web",0,"Netherlands"
"854","NL",2020-02-20,3,"today 3-m","coronavirus","web",0,"Netherlands"
"855","NL",2020-02-21,5,"today 3-m","coronavirus","web",0,"Netherlands"
"856","NL",2020-02-22,7,"today 3-m","coronavirus","web",0,"Netherlands"
"857","NL",2020-02-23,14,"today 3-m","coronavirus","web",0,"Netherlands"
"858","NL",2020-02-24,20,"today 3-m","coronavirus","web",0,"Netherlands"
"859","NL",2020-02-25,38,"today 3-m","coronavirus","web",0,"Netherlands"
"860","NL",2020-02-26,40,"today 3-m","coronavirus","web",0,"Netherlands"
"861","NL",2020-02-27,48,"today 3-m","coronavirus","web",0,"Netherlands"
"862","NL",2020-02-28,56,"today 3-m","coronavirus","web",0,"Netherlands"
"863","NL",2020-02-29,37,"today 3-m","coronavirus","web",0,"Netherlands"
"864","NL",2020-03-01,42,"today 3-m","coronavirus","web",0,"Netherlands"
"865","NL",2020-03-02,49,"today 3-m","coronavirus","web",0,"Netherlands"
"866","NL",2020-03-03,37,"today 3-m","coronavirus","web",0,"Netherlands"
"867","NL",2020-03-04,35,"today 3-m","coronavirus","web",0,"Netherlands"
"868","NL",2020-03-05,42,"today 3-m","coronavirus","web",0,"Netherlands"
"869","NL",2020-03-06,41,"today 3-m","coronavirus","web",0,"Netherlands"
"870","NL",2020-03-07,40,"today 3-m","coronavirus","web",0,"Netherlands"
"871","NL",2020-03-08,49,"today 3-m","coronavirus","web",0,"Netherlands"
"872","NL",2020-03-09,50,"today 3-m","coronavirus","web",0,"Netherlands"
"873","NL",2020-03-10,57,"today 3-m","coronavirus","web",0,"Netherlands"
"874","NL",2020-03-11,63,"today 3-m","coronavirus","web",0,"Netherlands"
"875","NL",2020-03-12,96,"today 3-m","coronavirus","web",0,"Netherlands"
"876","NL",2020-03-13,87,"today 3-m","coronavirus","web",0,"Netherlands"
"877","NL",2020-03-14,84,"today 3-m","coronavirus","web",0,"Netherlands"
"878","NL",2020-03-15,100,"today 3-m","coronavirus","web",0,"Netherlands"
"879","NL",2020-03-16,76,"today 3-m","coronavirus","web",0,"Netherlands"
"880","NL",2020-03-17,68,"today 3-m","coronavirus","web",0,"Netherlands"
"881","NL",2020-03-18,62,"today 3-m","coronavirus","web",0,"Netherlands"
"882","NL",2020-03-19,53,"today 3-m","coronavirus","web",0,"Netherlands"
"883","NL",2020-03-20,49,"today 3-m","coronavirus","web",0,"Netherlands"
"884","NL",2020-03-21,54,"today 3-m","coronavirus","web",0,"Netherlands"
"885","NL",2020-03-22,57,"today 3-m","coronavirus","web",0,"Netherlands"
"886","NL",2020-03-23,47,"today 3-m","coronavirus","web",0,"Netherlands"
"887","NL",2020-03-24,40,"today 3-m","coronavirus","web",0,"Netherlands"
"888","NL",2020-03-25,36,"today 3-m","coronavirus","web",0,"Netherlands"
"889","NL",2020-03-26,34,"today 3-m","coronavirus","web",0,"Netherlands"
"890","NL",2020-03-27,35,"today 3-m","coronavirus","web",0,"Netherlands"
"891","NL",2020-03-28,34,"today 3-m","coronavirus","web",0,"Netherlands"
"892","NL",2020-03-29,34,"today 3-m","coronavirus","web",0,"Netherlands"
"893","NL",2020-03-30,28,"today 3-m","coronavirus","web",0,"Netherlands"
"894","NL",2020-03-31,29,"today 3-m","coronavirus","web",0,"Netherlands"
"895","NL",2020-04-01,25,"today 3-m","coronavirus","web",0,"Netherlands"
"896","NL",2020-04-02,23,"today 3-m","coronavirus","web",0,"Netherlands"
"897","NL",2020-04-03,55,"today 3-m","coronavirus","web",0,"Netherlands"
"898","NL",2020-04-04,57,"today 3-m","coronavirus","web",0,"Netherlands"
"899","NL",2020-04-05,58,"today 3-m","coronavirus","web",0,"Netherlands"
"900","NL",2020-04-06,57,"today 3-m","coronavirus","web",0,"Netherlands"
"901","NO",2020-01-08,0,"today 3-m","coronavirus","web",0,"Norway"
"902","NO",2020-01-09,0,"today 3-m","coronavirus","web",0,"Norway"
"903","NO",2020-01-10,0,"today 3-m","coronavirus","web",0,"Norway"
"904","NO",2020-01-11,0,"today 3-m","coronavirus","web",0,"Norway"
"905","NO",2020-01-12,0,"today 3-m","coronavirus","web",0,"Norway"
"906","NO",2020-01-13,0,"today 3-m","coronavirus","web",0,"Norway"
"907","NO",2020-01-14,0,"today 3-m","coronavirus","web",0,"Norway"
"908","NO",2020-01-15,0,"today 3-m","coronavirus","web",0,"Norway"
"909","NO",2020-01-16,0,"today 3-m","coronavirus","web",0,"Norway"
"910","NO",2020-01-17,0,"today 3-m","coronavirus","web",0,"Norway"
"911","NO",2020-01-18,0,"today 3-m","coronavirus","web",0,"Norway"
"912","NO",2020-01-19,0,"today 3-m","coronavirus","web",0,"Norway"
"913","NO",2020-01-20,0,"today 3-m","coronavirus","web",0,"Norway"
"914","NO",2020-01-21,2,"today 3-m","coronavirus","web",0,"Norway"
"915","NO",2020-01-22,5,"today 3-m","coronavirus","web",0,"Norway"
"916","NO",2020-01-23,4,"today 3-m","coronavirus","web",0,"Norway"
"917","NO",2020-01-24,13,"today 3-m","coronavirus","web",0,"Norway"
"918","NO",2020-01-25,14,"today 3-m","coronavirus","web",0,"Norway"
"919","NO",2020-01-26,17,"today 3-m","coronavirus","web",0,"Norway"
"920","NO",2020-01-27,14,"today 3-m","coronavirus","web",0,"Norway"
"921","NO",2020-01-28,16,"today 3-m","coronavirus","web",0,"Norway"
"922","NO",2020-01-29,27,"today 3-m","coronavirus","web",0,"Norway"
"923","NO",2020-01-30,22,"today 3-m","coronavirus","web",0,"Norway"
"924","NO",2020-01-31,21,"today 3-m","coronavirus","web",0,"Norway"
"925","NO",2020-02-01,16,"today 3-m","coronavirus","web",0,"Norway"
"926","NO",2020-02-02,12,"today 3-m","coronavirus","web",0,"Norway"
"927","NO",2020-02-03,11,"today 3-m","coronavirus","web",0,"Norway"
"928","NO",2020-02-04,9,"today 3-m","coronavirus","web",0,"Norway"
"929","NO",2020-02-05,8,"today 3-m","coronavirus","web",0,"Norway"
"930","NO",2020-02-06,8,"today 3-m","coronavirus","web",0,"Norway"
"931","NO",2020-02-07,11,"today 3-m","coronavirus","web",0,"Norway"
"932","NO",2020-02-08,10,"today 3-m","coronavirus","web",0,"Norway"
"933","NO",2020-02-09,7,"today 3-m","coronavirus","web",0,"Norway"
"934","NO",2020-02-10,7,"today 3-m","coronavirus","web",0,"Norway"
"935","NO",2020-02-11,5,"today 3-m","coronavirus","web",0,"Norway"
"936","NO",2020-02-12,8,"today 3-m","coronavirus","web",0,"Norway"
"937","NO",2020-02-13,9,"today 3-m","coronavirus","web",0,"Norway"
"938","NO",2020-02-14,6,"today 3-m","coronavirus","web",0,"Norway"
"939","NO",2020-02-15,5,"today 3-m","coronavirus","web",0,"Norway"
"940","NO",2020-02-16,5,"today 3-m","coronavirus","web",0,"Norway"
"941","NO",2020-02-17,4,"today 3-m","coronavirus","web",0,"Norway"
"942","NO",2020-02-18,4,"today 3-m","coronavirus","web",0,"Norway"
"943","NO",2020-02-19,4,"today 3-m","coronavirus","web",0,"Norway"
"944","NO",2020-02-20,3,"today 3-m","coronavirus","web",0,"Norway"
"945","NO",2020-02-21,5,"today 3-m","coronavirus","web",0,"Norway"
"946","NO",2020-02-22,8,"today 3-m","coronavirus","web",0,"Norway"
"947","NO",2020-02-23,10,"today 3-m","coronavirus","web",0,"Norway"
"948","NO",2020-02-24,16,"today 3-m","coronavirus","web",0,"Norway"
"949","NO",2020-02-25,29,"today 3-m","coronavirus","web",0,"Norway"
"950","NO",2020-02-26,47,"today 3-m","coronavirus","web",0,"Norway"
"951","NO",2020-02-27,64,"today 3-m","coronavirus","web",0,"Norway"
"952","NO",2020-02-28,44,"today 3-m","coronavirus","web",0,"Norway"
"953","NO",2020-02-29,35,"today 3-m","coronavirus","web",0,"Norway"
"954","NO",2020-03-01,36,"today 3-m","coronavirus","web",0,"Norway"
"955","NO",2020-03-02,36,"today 3-m","coronavirus","web",0,"Norway"
"956","NO",2020-03-03,35,"today 3-m","coronavirus","web",0,"Norway"
"957","NO",2020-03-04,31,"today 3-m","coronavirus","web",0,"Norway"
"958","NO",2020-03-05,35,"today 3-m","coronavirus","web",0,"Norway"
"959","NO",2020-03-06,37,"today 3-m","coronavirus","web",0,"Norway"
"960","NO",2020-03-07,32,"today 3-m","coronavirus","web",0,"Norway"
"961","NO",2020-03-08,40,"today 3-m","coronavirus","web",0,"Norway"
"962","NO",2020-03-09,49,"today 3-m","coronavirus","web",0,"Norway"
"963","NO",2020-03-10,56,"today 3-m","coronavirus","web",0,"Norway"
"964","NO",2020-03-11,88,"today 3-m","coronavirus","web",0,"Norway"
"965","NO",2020-03-12,100,"today 3-m","coronavirus","web",0,"Norway"
"966","NO",2020-03-13,77,"today 3-m","coronavirus","web",0,"Norway"
"967","NO",2020-03-14,72,"today 3-m","coronavirus","web",0,"Norway"
"968","NO",2020-03-15,63,"today 3-m","coronavirus","web",0,"Norway"
"969","NO",2020-03-16,49,"today 3-m","coronavirus","web",0,"Norway"
"970","NO",2020-03-17,47,"today 3-m","coronavirus","web",0,"Norway"
"971","NO",2020-03-18,44,"today 3-m","coronavirus","web",0,"Norway"
"972","NO",2020-03-19,37,"today 3-m","coronavirus","web",0,"Norway"
"973","NO",2020-03-20,34,"today 3-m","coronavirus","web",0,"Norway"
"974","NO",2020-03-21,44,"today 3-m","coronavirus","web",0,"Norway"
"975","NO",2020-03-22,42,"today 3-m","coronavirus","web",0,"Norway"
"976","NO",2020-03-23,31,"today 3-m","coronavirus","web",0,"Norway"
"977","NO",2020-03-24,33,"today 3-m","coronavirus","web",0,"Norway"
"978","NO",2020-03-25,33,"today 3-m","coronavirus","web",0,"Norway"
"979","NO",2020-03-26,33,"today 3-m","coronavirus","web",0,"Norway"
"980","NO",2020-03-27,33,"today 3-m","coronavirus","web",0,"Norway"
"981","NO",2020-03-28,37,"today 3-m","coronavirus","web",0,"Norway"
"982","NO",2020-03-29,32,"today 3-m","coronavirus","web",0,"Norway"
"983","NO",2020-03-30,29,"today 3-m","coronavirus","web",0,"Norway"
"984","NO",2020-03-31,24,"today 3-m","coronavirus","web",0,"Norway"
"985","NO",2020-04-01,25,"today 3-m","coronavirus","web",0,"Norway"
"986","NO",2020-04-02,24,"today 3-m","coronavirus","web",0,"Norway"
"987","NO",2020-04-03,32,"today 3-m","coronavirus","web",0,"Norway"
"988","NO",2020-04-04,28,"today 3-m","coronavirus","web",0,"Norway"
"989","NO",2020-04-05,26,"today 3-m","coronavirus","web",0,"Norway"
"990","NO",2020-04-06,71,"today 3-m","coronavirus","web",0,"Norway"
"991","SE",2020-01-08,0,"today 3-m","coronavirus","web",0,"Sweden"
"992","SE",2020-01-09,0,"today 3-m","coronavirus","web",0,"Sweden"
"993","SE",2020-01-10,0,"today 3-m","coronavirus","web",0,"Sweden"
"994","SE",2020-01-11,0,"today 3-m","coronavirus","web",0,"Sweden"
"995","SE",2020-01-12,0,"today 3-m","coronavirus","web",0,"Sweden"
"996","SE",2020-01-13,0,"today 3-m","coronavirus","web",0,"Sweden"
"997","SE",2020-01-14,0,"today 3-m","coronavirus","web",0,"Sweden"
"998","SE",2020-01-15,0,"today 3-m","coronavirus","web",0,"Sweden"
"999","SE",2020-01-16,0,"today 3-m","coronavirus","web",0,"Sweden"
"1000","SE",2020-01-17,0,"today 3-m","coronavirus","web",0,"Sweden"
"1001","SE",2020-01-18,0,"today 3-m","coronavirus","web",0,"Sweden"
"1002","SE",2020-01-19,0,"today 3-m","coronavirus","web",0,"Sweden"
"1003","SE",2020-01-20,2,"today 3-m","coronavirus","web",0,"Sweden"
"1004","SE",2020-01-21,2,"today 3-m","coronavirus","web",0,"Sweden"
"1005","SE",2020-01-22,5,"today 3-m","coronavirus","web",0,"Sweden"
"1006","SE",2020-01-23,8,"today 3-m","coronavirus","web",0,"Sweden"
"1007","SE",2020-01-24,15,"today 3-m","coronavirus","web",0,"Sweden"
"1008","SE",2020-01-25,15,"today 3-m","coronavirus","web",0,"Sweden"
"1009","SE",2020-01-26,23,"today 3-m","coronavirus","web",0,"Sweden"
"1010","SE",2020-01-27,25,"today 3-m","coronavirus","web",0,"Sweden"
"1011","SE",2020-01-28,20,"today 3-m","coronavirus","web",0,"Sweden"
"1012","SE",2020-01-29,21,"today 3-m","coronavirus","web",0,"Sweden"
"1013","SE",2020-01-30,22,"today 3-m","coronavirus","web",0,"Sweden"
"1014","SE",2020-01-31,38,"today 3-m","coronavirus","web",0,"Sweden"
"1015","SE",2020-02-01,21,"today 3-m","coronavirus","web",0,"Sweden"
"1016","SE",2020-02-02,17,"today 3-m","coronavirus","web",0,"Sweden"
"1017","SE",2020-02-03,15,"today 3-m","coronavirus","web",0,"Sweden"
"1018","SE",2020-02-04,12,"today 3-m","coronavirus","web",0,"Sweden"
"1019","SE",2020-02-05,12,"today 3-m","coronavirus","web",0,"Sweden"
"1020","SE",2020-02-06,10,"today 3-m","coronavirus","web",0,"Sweden"
"1021","SE",2020-02-07,12,"today 3-m","coronavirus","web",0,"Sweden"
"1022","SE",2020-02-08,11,"today 3-m","coronavirus","web",0,"Sweden"
"1023","SE",2020-02-09,9,"today 3-m","coronavirus","web",0,"Sweden"
"1024","SE",2020-02-10,9,"today 3-m","coronavirus","web",0,"Sweden"
"1025","SE",2020-02-11,9,"today 3-m","coronavirus","web",0,"Sweden"
"1026","SE",2020-02-12,8,"today 3-m","coronavirus","web",0,"Sweden"
"1027","SE",2020-02-13,10,"today 3-m","coronavirus","web",0,"Sweden"
"1028","SE",2020-02-14,7,"today 3-m","coronavirus","web",0,"Sweden"
"1029","SE",2020-02-15,8,"today 3-m","coronavirus","web",0,"Sweden"
"1030","SE",2020-02-16,4,"today 3-m","coronavirus","web",0,"Sweden"
"1031","SE",2020-02-17,5,"today 3-m","coronavirus","web",0,"Sweden"
"1032","SE",2020-02-18,7,"today 3-m","coronavirus","web",0,"Sweden"
"1033","SE",2020-02-19,5,"today 3-m","coronavirus","web",0,"Sweden"
"1034","SE",2020-02-20,5,"today 3-m","coronavirus","web",0,"Sweden"
"1035","SE",2020-02-21,6,"today 3-m","coronavirus","web",0,"Sweden"
"1036","SE",2020-02-22,9,"today 3-m","coronavirus","web",0,"Sweden"
"1037","SE",2020-02-23,17,"today 3-m","coronavirus","web",0,"Sweden"
"1038","SE",2020-02-24,21,"today 3-m","coronavirus","web",0,"Sweden"
"1039","SE",2020-02-25,27,"today 3-m","coronavirus","web",0,"Sweden"
"1040","SE",2020-02-26,34,"today 3-m","coronavirus","web",0,"Sweden"
"1041","SE",2020-02-27,47,"today 3-m","coronavirus","web",0,"Sweden"
"1042","SE",2020-02-28,42,"today 3-m","coronavirus","web",0,"Sweden"
"1043","SE",2020-02-29,35,"today 3-m","coronavirus","web",0,"Sweden"
"1044","SE",2020-03-01,32,"today 3-m","coronavirus","web",0,"Sweden"
"1045","SE",2020-03-02,35,"today 3-m","coronavirus","web",0,"Sweden"
"1046","SE",2020-03-03,40,"today 3-m","coronavirus","web",0,"Sweden"
"1047","SE",2020-03-04,41,"today 3-m","coronavirus","web",0,"Sweden"
"1048","SE",2020-03-05,45,"today 3-m","coronavirus","web",0,"Sweden"
"1049","SE",2020-03-06,41,"today 3-m","coronavirus","web",0,"Sweden"
"1050","SE",2020-03-07,36,"today 3-m","coronavirus","web",0,"Sweden"
"1051","SE",2020-03-08,40,"today 3-m","coronavirus","web",0,"Sweden"
"1052","SE",2020-03-09,44,"today 3-m","coronavirus","web",0,"Sweden"
"1053","SE",2020-03-10,60,"today 3-m","coronavirus","web",0,"Sweden"
"1054","SE",2020-03-11,82,"today 3-m","coronavirus","web",0,"Sweden"
"1055","SE",2020-03-12,100,"today 3-m","coronavirus","web",0,"Sweden"
"1056","SE",2020-03-13,72,"today 3-m","coronavirus","web",0,"Sweden"
"1057","SE",2020-03-14,69,"today 3-m","coronavirus","web",0,"Sweden"
"1058","SE",2020-03-15,69,"today 3-m","coronavirus","web",0,"Sweden"
"1059","SE",2020-03-16,58,"today 3-m","coronavirus","web",0,"Sweden"
"1060","SE",2020-03-17,50,"today 3-m","coronavirus","web",0,"Sweden"
"1061","SE",2020-03-18,40,"today 3-m","coronavirus","web",0,"Sweden"
"1062","SE",2020-03-19,35,"today 3-m","coronavirus","web",0,"Sweden"
"1063","SE",2020-03-20,35,"today 3-m","coronavirus","web",0,"Sweden"
"1064","SE",2020-03-21,38,"today 3-m","coronavirus","web",0,"Sweden"
"1065","SE",2020-03-22,42,"today 3-m","coronavirus","web",0,"Sweden"
"1066","SE",2020-03-23,35,"today 3-m","coronavirus","web",0,"Sweden"
"1067","SE",2020-03-24,30,"today 3-m","coronavirus","web",0,"Sweden"
"1068","SE",2020-03-25,32,"today 3-m","coronavirus","web",0,"Sweden"
"1069","SE",2020-03-26,34,"today 3-m","coronavirus","web",0,"Sweden"
"1070","SE",2020-03-27,34,"today 3-m","coronavirus","web",0,"Sweden"
"1071","SE",2020-03-28,36,"today 3-m","coronavirus","web",0,"Sweden"
"1072","SE",2020-03-29,34,"today 3-m","coronavirus","web",0,"Sweden"
"1073","SE",2020-03-30,29,"today 3-m","coronavirus","web",0,"Sweden"
"1074","SE",2020-03-31,27,"today 3-m","coronavirus","web",0,"Sweden"
"1075","SE",2020-04-01,27,"today 3-m","coronavirus","web",0,"Sweden"
"1076","SE",2020-04-02,26,"today 3-m","coronavirus","web",0,"Sweden"
"1077","SE",2020-04-03,62,"today 3-m","coronavirus","web",0,"Sweden"
"1078","SE",2020-04-04,61,"today 3-m","coronavirus","web",0,"Sweden"
"1079","SE",2020-04-05,61,"today 3-m","coronavirus","web",0,"Sweden"
"1080","SE",2020-04-06,25,"today 3-m","coronavirus","web",0,"Sweden"
